{
    "pages": [
        "arial.ttf.png"
    ],
    "chars": [
        {
            "id": 1033,
            "index": 564,
            "char": "Љ",
            "width": 56,
            "height": 47,
            "xoffset": -12,
            "yoffset": 12,
            "xadvance": 34,
            "chnl": 15,
            "x": 0,
            "y": 0,
            "page": 0
        },
        {
            "id": 106,
            "index": 77,
            "char": "j",
            "width": 30,
            "height": 54,
            "xoffset": -13,
            "yoffset": 12,
            "xadvance": 7,
            "chnl": 15,
            "x": 0,
            "y": 48,
            "page": 0
        },
        {
            "id": 1106,
            "index": 635,
            "char": "ђ",
            "width": 40,
            "height": 54,
            "xoffset": -12,
            "yoffset": 12,
            "xadvance": 18,
            "chnl": 15,
            "x": 0,
            "y": 103,
            "page": 0
        },
        {
            "id": 1112,
            "index": 641,
            "char": "ј",
            "width": 30,
            "height": 54,
            "xoffset": -13,
            "yoffset": 12,
            "xadvance": 7,
            "chnl": 15,
            "x": 31,
            "y": 48,
            "page": 0
        },
        {
            "id": 1118,
            "index": 646,
            "char": "ў",
            "width": 39,
            "height": 54,
            "xoffset": -11,
            "yoffset": 12,
            "xadvance": 16,
            "chnl": 15,
            "x": 0,
            "y": 158,
            "page": 0
        },
        {
            "id": 946,
            "index": 533,
            "char": "β",
            "width": 39,
            "height": 54,
            "xoffset": -10,
            "yoffset": 12,
            "xadvance": 18,
            "chnl": 15,
            "x": 0,
            "y": 213,
            "page": 0
        },
        {
            "id": 950,
            "index": 535,
            "char": "ζ",
            "width": 37,
            "height": 54,
            "xoffset": -11,
            "yoffset": 12,
            "xadvance": 14,
            "chnl": 15,
            "x": 0,
            "y": 268,
            "page": 0
        },
        {
            "id": 958,
            "index": 543,
            "char": "ξ",
            "width": 36,
            "height": 54,
            "xoffset": -11,
            "yoffset": 12,
            "xadvance": 14,
            "chnl": 15,
            "x": 0,
            "y": 323,
            "page": 0
        },
        {
            "id": 40,
            "index": 11,
            "char": "(",
            "width": 32,
            "height": 54,
            "xoffset": -10,
            "yoffset": 12,
            "xadvance": 11,
            "chnl": 15,
            "x": 0,
            "y": 378,
            "page": 0
        },
        {
            "id": 41,
            "index": 12,
            "char": ")",
            "width": 32,
            "height": 54,
            "xoffset": -10,
            "yoffset": 12,
            "xadvance": 11,
            "chnl": 15,
            "x": 0,
            "y": 433,
            "page": 0
        },
        {
            "id": 123,
            "index": 94,
            "char": "{",
            "width": 33,
            "height": 54,
            "xoffset": -11,
            "yoffset": 12,
            "xadvance": 11,
            "chnl": 15,
            "x": 0,
            "y": 488,
            "page": 0
        },
        {
            "id": 64,
            "index": 35,
            "char": "@",
            "width": 54,
            "height": 54,
            "xoffset": -10,
            "yoffset": 12,
            "xadvance": 32,
            "chnl": 15,
            "x": 33,
            "y": 378,
            "page": 0
        },
        {
            "id": 125,
            "index": 96,
            "char": "}",
            "width": 33,
            "height": 54,
            "xoffset": -11,
            "yoffset": 12,
            "xadvance": 11,
            "chnl": 15,
            "x": 37,
            "y": 323,
            "page": 0
        },
        {
            "id": 268,
            "index": 253,
            "char": "Č",
            "width": 44,
            "height": 53,
            "xoffset": -10,
            "yoffset": 6,
            "xadvance": 23,
            "chnl": 15,
            "x": 33,
            "y": 433,
            "page": 0
        },
        {
            "id": 262,
            "index": 251,
            "char": "Ć",
            "width": 44,
            "height": 53,
            "xoffset": -10,
            "yoffset": 6,
            "xadvance": 23,
            "chnl": 15,
            "x": 38,
            "y": 268,
            "page": 0
        },
        {
            "id": 352,
            "index": 226,
            "char": "Š",
            "width": 42,
            "height": 53,
            "xoffset": -11,
            "yoffset": 6,
            "xadvance": 21,
            "chnl": 15,
            "x": 71,
            "y": 322,
            "page": 0
        },
        {
            "id": 87,
            "index": 58,
            "char": "W",
            "width": 53,
            "height": 47,
            "xoffset": -12,
            "yoffset": 12,
            "xadvance": 30,
            "chnl": 15,
            "x": 57,
            "y": 0,
            "page": 0
        },
        {
            "id": 381,
            "index": 228,
            "char": "Ž",
            "width": 42,
            "height": 53,
            "xoffset": -11,
            "yoffset": 6,
            "xadvance": 20,
            "chnl": 15,
            "x": 40,
            "y": 158,
            "page": 0
        },
        {
            "id": 1168,
            "index": 648,
            "char": "Ґ",
            "width": 36,
            "height": 53,
            "xoffset": -9,
            "yoffset": 6,
            "xadvance": 16,
            "chnl": 15,
            "x": 41,
            "y": 103,
            "page": 0
        },
        {
            "id": 1046,
            "index": 576,
            "char": "Ж",
            "width": 53,
            "height": 47,
            "xoffset": -12,
            "yoffset": 12,
            "xadvance": 30,
            "chnl": 15,
            "x": 62,
            "y": 48,
            "page": 0
        },
        {
            "id": 1034,
            "index": 565,
            "char": "Њ",
            "width": 53,
            "height": 47,
            "xoffset": -9,
            "yoffset": 12,
            "xadvance": 32,
            "chnl": 15,
            "x": 111,
            "y": 0,
            "page": 0
        },
        {
            "id": 1038,
            "index": 568,
            "char": "Ў",
            "width": 44,
            "height": 53,
            "xoffset": -12,
            "yoffset": 7,
            "xadvance": 20,
            "chnl": 15,
            "x": 40,
            "y": 212,
            "page": 0
        },
        {
            "id": 1062,
            "index": 592,
            "char": "Ц",
            "width": 44,
            "height": 53,
            "xoffset": -10,
            "yoffset": 12,
            "xadvance": 24,
            "chnl": 15,
            "x": 83,
            "y": 266,
            "page": 0
        },
        {
            "id": 1039,
            "index": 569,
            "char": "Џ",
            "width": 42,
            "height": 53,
            "xoffset": -9,
            "yoffset": 12,
            "xadvance": 23,
            "chnl": 15,
            "x": 78,
            "y": 96,
            "page": 0
        },
        {
            "id": 1065,
            "index": 595,
            "char": "Щ",
            "width": 50,
            "height": 53,
            "xoffset": -9,
            "yoffset": 12,
            "xadvance": 30,
            "chnl": 15,
            "x": 83,
            "y": 150,
            "page": 0
        },
        {
            "id": 1092,
            "index": 622,
            "char": "ф",
            "width": 48,
            "height": 53,
            "xoffset": -11,
            "yoffset": 12,
            "xadvance": 26,
            "chnl": 15,
            "x": 85,
            "y": 204,
            "page": 0
        },
        {
            "id": 194,
            "index": 198,
            "char": "Â",
            "width": 45,
            "height": 53,
            "xoffset": -12,
            "yoffset": 6,
            "xadvance": 21,
            "chnl": 15,
            "x": 121,
            "y": 48,
            "page": 0
        },
        {
            "id": 202,
            "index": 199,
            "char": "Ê",
            "width": 41,
            "height": 53,
            "xoffset": -9,
            "yoffset": 6,
            "xadvance": 21,
            "chnl": 15,
            "x": 0,
            "y": 543,
            "page": 0
        },
        {
            "id": 212,
            "index": 208,
            "char": "Ô",
            "width": 46,
            "height": 53,
            "xoffset": -10,
            "yoffset": 6,
            "xadvance": 25,
            "chnl": 15,
            "x": 34,
            "y": 487,
            "page": 0
        },
        {
            "id": 91,
            "index": 62,
            "char": "[",
            "width": 30,
            "height": 53,
            "xoffset": -10,
            "yoffset": 12,
            "xadvance": 9,
            "chnl": 15,
            "x": 78,
            "y": 433,
            "page": 0
        },
        {
            "id": 93,
            "index": 64,
            "char": "]",
            "width": 30,
            "height": 53,
            "xoffset": -11,
            "yoffset": 12,
            "xadvance": 9,
            "chnl": 15,
            "x": 88,
            "y": 376,
            "page": 0
        },
        {
            "id": 162,
            "index": 132,
            "char": "¢",
            "width": 38,
            "height": 53,
            "xoffset": -10,
            "yoffset": 12,
            "xadvance": 18,
            "chnl": 15,
            "x": 114,
            "y": 320,
            "page": 0
        },
        {
            "id": 1044,
            "index": 574,
            "char": "Д",
            "width": 45,
            "height": 52,
            "xoffset": -12,
            "yoffset": 12,
            "xadvance": 22,
            "chnl": 15,
            "x": 128,
            "y": 258,
            "page": 0
        },
        {
            "id": 1025,
            "index": 556,
            "char": "Ё",
            "width": 41,
            "height": 52,
            "xoffset": -9,
            "yoffset": 7,
            "xadvance": 21,
            "chnl": 15,
            "x": 134,
            "y": 102,
            "page": 0
        },
        {
            "id": 1031,
            "index": 562,
            "char": "Ї",
            "width": 33,
            "height": 52,
            "xoffset": -12,
            "yoffset": 7,
            "xadvance": 9,
            "chnl": 15,
            "x": 167,
            "y": 0,
            "page": 0
        },
        {
            "id": 1049,
            "index": 579,
            "char": "Й",
            "width": 42,
            "height": 52,
            "xoffset": -9,
            "yoffset": 7,
            "xadvance": 23,
            "chnl": 15,
            "x": 134,
            "y": 155,
            "page": 0
        },
        {
            "id": 1070,
            "index": 600,
            "char": "Ю",
            "width": 52,
            "height": 48,
            "xoffset": -9,
            "yoffset": 12,
            "xadvance": 32,
            "chnl": 15,
            "x": 167,
            "y": 53,
            "page": 0
        },
        {
            "id": 1113,
            "index": 642,
            "char": "љ",
            "width": 52,
            "height": 41,
            "xoffset": -12,
            "yoffset": 18,
            "xadvance": 29,
            "chnl": 15,
            "x": 134,
            "y": 208,
            "page": 0
        },
        {
            "id": 910,
            "index": 502,
            "char": "Ύ",
            "width": 52,
            "height": 47,
            "xoffset": -13,
            "yoffset": 12,
            "xadvance": 27,
            "chnl": 15,
            "x": 201,
            "y": 0,
            "page": 0
        },
        {
            "id": 939,
            "index": 527,
            "char": "Ϋ",
            "width": 45,
            "height": 52,
            "xoffset": -12,
            "yoffset": 7,
            "xadvance": 21,
            "chnl": 15,
            "x": 176,
            "y": 102,
            "page": 0
        },
        {
            "id": 258,
            "index": 258,
            "char": "Ă",
            "width": 45,
            "height": 52,
            "xoffset": -12,
            "yoffset": 7,
            "xadvance": 21,
            "chnl": 15,
            "x": 177,
            "y": 155,
            "page": 0
        },
        {
            "id": 36,
            "index": 7,
            "char": "$",
            "width": 39,
            "height": 52,
            "xoffset": -11,
            "yoffset": 10,
            "xadvance": 18,
            "chnl": 15,
            "x": 220,
            "y": 48,
            "page": 0
        },
        {
            "id": 196,
            "index": 98,
            "char": "Ä",
            "width": 45,
            "height": 52,
            "xoffset": -12,
            "yoffset": 7,
            "xadvance": 21,
            "chnl": 15,
            "x": 222,
            "y": 101,
            "page": 0
        },
        {
            "id": 214,
            "index": 103,
            "char": "Ö",
            "width": 46,
            "height": 52,
            "xoffset": -10,
            "yoffset": 7,
            "xadvance": 25,
            "chnl": 15,
            "x": 260,
            "y": 0,
            "page": 0
        },
        {
            "id": 220,
            "index": 104,
            "char": "Ü",
            "width": 42,
            "height": 52,
            "xoffset": -9,
            "yoffset": 7,
            "xadvance": 23,
            "chnl": 15,
            "x": 0,
            "y": 597,
            "page": 0
        },
        {
            "id": 1026,
            "index": 557,
            "char": "Ђ",
            "width": 50,
            "height": 47,
            "xoffset": -11,
            "yoffset": 12,
            "xadvance": 28,
            "chnl": 15,
            "x": 260,
            "y": 53,
            "page": 0
        },
        {
            "id": 81,
            "index": 52,
            "char": "Q",
            "width": 46,
            "height": 49,
            "xoffset": -11,
            "yoffset": 12,
            "xadvance": 25,
            "chnl": 15,
            "x": 307,
            "y": 0,
            "page": 0
        },
        {
            "id": 1035,
            "index": 566,
            "char": "Ћ",
            "width": 49,
            "height": 47,
            "xoffset": -11,
            "yoffset": 12,
            "xadvance": 27,
            "chnl": 15,
            "x": 42,
            "y": 541,
            "page": 0
        },
        {
            "id": 904,
            "index": 498,
            "char": "Έ",
            "width": 49,
            "height": 47,
            "xoffset": -13,
            "yoffset": 12,
            "xadvance": 25,
            "chnl": 15,
            "x": 81,
            "y": 487,
            "page": 0
        },
        {
            "id": 905,
            "index": 499,
            "char": "Ή",
            "width": 49,
            "height": 47,
            "xoffset": -13,
            "yoffset": 12,
            "xadvance": 27,
            "chnl": 15,
            "x": 109,
            "y": 430,
            "page": 0
        },
        {
            "id": 908,
            "index": 501,
            "char": "Ό",
            "width": 49,
            "height": 48,
            "xoffset": -13,
            "yoffset": 12,
            "xadvance": 25,
            "chnl": 15,
            "x": 119,
            "y": 374,
            "page": 0
        },
        {
            "id": 416,
            "index": 1130,
            "char": "Ơ",
            "width": 49,
            "height": 48,
            "xoffset": -10,
            "yoffset": 12,
            "xadvance": 27,
            "chnl": 15,
            "x": 153,
            "y": 311,
            "page": 0
        },
        {
            "id": 37,
            "index": 8,
            "char": "%",
            "width": 49,
            "height": 48,
            "xoffset": -10,
            "yoffset": 12,
            "xadvance": 28,
            "chnl": 15,
            "x": 174,
            "y": 250,
            "page": 0
        },
        {
            "id": 67,
            "index": 38,
            "char": "C",
            "width": 44,
            "height": 48,
            "xoffset": -10,
            "yoffset": 12,
            "xadvance": 23,
            "chnl": 15,
            "x": 223,
            "y": 154,
            "page": 0
        },
        {
            "id": 71,
            "index": 42,
            "char": "G",
            "width": 45,
            "height": 48,
            "xoffset": -10,
            "yoffset": 12,
            "xadvance": 25,
            "chnl": 15,
            "x": 0,
            "y": 650,
            "page": 0
        },
        {
            "id": 79,
            "index": 50,
            "char": "O",
            "width": 46,
            "height": 48,
            "xoffset": -10,
            "yoffset": 12,
            "xadvance": 25,
            "chnl": 15,
            "x": 43,
            "y": 589,
            "page": 0
        },
        {
            "id": 83,
            "index": 54,
            "char": "S",
            "width": 42,
            "height": 48,
            "xoffset": -11,
            "yoffset": 12,
            "xadvance": 21,
            "chnl": 15,
            "x": 0,
            "y": 699,
            "page": 0
        },
        {
            "id": 103,
            "index": 74,
            "char": "g",
            "width": 39,
            "height": 48,
            "xoffset": -11,
            "yoffset": 18,
            "xadvance": 18,
            "chnl": 15,
            "x": 0,
            "y": 748,
            "page": 0
        },
        {
            "id": 1028,
            "index": 559,
            "char": "Є",
            "width": 44,
            "height": 48,
            "xoffset": -10,
            "yoffset": 12,
            "xadvance": 23,
            "chnl": 15,
            "x": 0,
            "y": 797,
            "page": 0
        },
        {
            "id": 1047,
            "index": 577,
            "char": "З",
            "width": 41,
            "height": 48,
            "xoffset": -11,
            "yoffset": 12,
            "xadvance": 19,
            "chnl": 15,
            "x": 40,
            "y": 748,
            "page": 0
        },
        {
            "id": 1029,
            "index": 560,
            "char": "Ѕ",
            "width": 42,
            "height": 48,
            "xoffset": -11,
            "yoffset": 12,
            "xadvance": 21,
            "chnl": 15,
            "x": 43,
            "y": 699,
            "page": 0
        },
        {
            "id": 1054,
            "index": 584,
            "char": "О",
            "width": 46,
            "height": 48,
            "xoffset": -10,
            "yoffset": 12,
            "xadvance": 25,
            "chnl": 15,
            "x": 46,
            "y": 638,
            "page": 0
        },
        {
            "id": 1057,
            "index": 587,
            "char": "С",
            "width": 44,
            "height": 48,
            "xoffset": -10,
            "yoffset": 12,
            "xadvance": 23,
            "chnl": 15,
            "x": 90,
            "y": 589,
            "page": 0
        },
        {
            "id": 1064,
            "index": 594,
            "char": "Ш",
            "width": 48,
            "height": 47,
            "xoffset": -9,
            "yoffset": 12,
            "xadvance": 29,
            "chnl": 15,
            "x": 92,
            "y": 535,
            "page": 0
        },
        {
            "id": 1066,
            "index": 596,
            "char": "Ъ",
            "width": 48,
            "height": 47,
            "xoffset": -12,
            "yoffset": 12,
            "xadvance": 25,
            "chnl": 15,
            "x": 131,
            "y": 478,
            "page": 0
        },
        {
            "id": 1069,
            "index": 599,
            "char": "Э",
            "width": 44,
            "height": 48,
            "xoffset": -11,
            "yoffset": 12,
            "xadvance": 23,
            "chnl": 15,
            "x": 159,
            "y": 423,
            "page": 0
        },
        {
            "id": 1073,
            "index": 603,
            "char": "б",
            "width": 40,
            "height": 48,
            "xoffset": -11,
            "yoffset": 12,
            "xadvance": 18,
            "chnl": 15,
            "x": 169,
            "y": 360,
            "page": 0
        },
        {
            "id": 920,
            "index": 300,
            "char": "Θ",
            "width": 46,
            "height": 48,
            "xoffset": -10,
            "yoffset": 12,
            "xadvance": 25,
            "chnl": 15,
            "x": 203,
            "y": 299,
            "page": 0
        },
        {
            "id": 927,
            "index": 517,
            "char": "Ο",
            "width": 46,
            "height": 48,
            "xoffset": -10,
            "yoffset": 12,
            "xadvance": 25,
            "chnl": 15,
            "x": 224,
            "y": 203,
            "page": 0
        },
        {
            "id": 934,
            "index": 301,
            "char": "Φ",
            "width": 47,
            "height": 48,
            "xoffset": -11,
            "yoffset": 11,
            "xadvance": 26,
            "chnl": 15,
            "x": 268,
            "y": 101,
            "page": 0
        },
        {
            "id": 952,
            "index": 537,
            "char": "θ",
            "width": 39,
            "height": 48,
            "xoffset": -11,
            "yoffset": 12,
            "xadvance": 18,
            "chnl": 15,
            "x": 311,
            "y": 50,
            "page": 0
        },
        {
            "id": 912,
            "index": 504,
            "char": "ΐ",
            "width": 35,
            "height": 48,
            "xoffset": -14,
            "yoffset": 11,
            "xadvance": 7,
            "chnl": 15,
            "x": 268,
            "y": 150,
            "page": 0
        },
        {
            "id": 944,
            "index": 532,
            "char": "ΰ",
            "width": 37,
            "height": 48,
            "xoffset": -10,
            "yoffset": 11,
            "xadvance": 18,
            "chnl": 15,
            "x": 0,
            "y": 846,
            "page": 0
        },
        {
            "id": 911,
            "index": 503,
            "char": "Ώ",
            "width": 48,
            "height": 47,
            "xoffset": -13,
            "yoffset": 12,
            "xadvance": 24,
            "chnl": 15,
            "x": 0,
            "y": 895,
            "page": 0
        },
        {
            "id": 431,
            "index": 1132,
            "char": "Ư",
            "width": 48,
            "height": 47,
            "xoffset": -9,
            "yoffset": 12,
            "xadvance": 27,
            "chnl": 15,
            "x": 38,
            "y": 846,
            "page": 0
        },
        {
            "id": 35,
            "index": 6,
            "char": "#",
            "width": 41,
            "height": 48,
            "xoffset": -12,
            "yoffset": 12,
            "xadvance": 18,
            "chnl": 15,
            "x": 45,
            "y": 797,
            "page": 0
        },
        {
            "id": 47,
            "index": 18,
            "char": "/",
            "width": 33,
            "height": 48,
            "xoffset": -12,
            "yoffset": 12,
            "xadvance": 9,
            "chnl": 15,
            "x": 82,
            "y": 748,
            "page": 0
        },
        {
            "id": 38,
            "index": 9,
            "char": "&",
            "width": 43,
            "height": 48,
            "xoffset": -11,
            "yoffset": 12,
            "xadvance": 21,
            "chnl": 15,
            "x": 86,
            "y": 687,
            "page": 0
        },
        {
            "id": 92,
            "index": 63,
            "char": "\\",
            "width": 33,
            "height": 48,
            "xoffset": -12,
            "yoffset": 12,
            "xadvance": 9,
            "chnl": 15,
            "x": 93,
            "y": 638,
            "page": 0
        },
        {
            "id": 174,
            "index": 138,
            "char": "®",
            "width": 48,
            "height": 48,
            "xoffset": -12,
            "yoffset": 12,
            "xadvance": 24,
            "chnl": 15,
            "x": 127,
            "y": 638,
            "page": 0
        },
        {
            "id": 169,
            "index": 139,
            "char": "©",
            "width": 48,
            "height": 48,
            "xoffset": -12,
            "yoffset": 12,
            "xadvance": 24,
            "chnl": 15,
            "x": 135,
            "y": 583,
            "page": 0
        },
        {
            "id": 8364,
            "index": 188,
            "char": "€",
            "width": 42,
            "height": 48,
            "xoffset": -12,
            "yoffset": 12,
            "xadvance": 18,
            "chnl": 15,
            "x": 141,
            "y": 526,
            "page": 0
        },
        {
            "id": 163,
            "index": 133,
            "char": "£",
            "width": 40,
            "height": 48,
            "xoffset": -12,
            "yoffset": 12,
            "xadvance": 18,
            "chnl": 15,
            "x": 180,
            "y": 472,
            "page": 0
        },
        {
            "id": 223,
            "index": 137,
            "char": "ß",
            "width": 40,
            "height": 48,
            "xoffset": -10,
            "yoffset": 12,
            "xadvance": 20,
            "chnl": 15,
            "x": 204,
            "y": 409,
            "page": 0
        },
        {
            "id": 65,
            "index": 36,
            "char": "A",
            "width": 45,
            "height": 47,
            "xoffset": -12,
            "yoffset": 12,
            "xadvance": 21,
            "chnl": 15,
            "x": 210,
            "y": 348,
            "page": 0
        },
        {
            "id": 66,
            "index": 37,
            "char": "B",
            "width": 41,
            "height": 47,
            "xoffset": -10,
            "yoffset": 12,
            "xadvance": 21,
            "chnl": 15,
            "x": 0,
            "y": 943,
            "page": 0
        },
        {
            "id": 68,
            "index": 39,
            "char": "D",
            "width": 43,
            "height": 47,
            "xoffset": -10,
            "yoffset": 12,
            "xadvance": 23,
            "chnl": 15,
            "x": 42,
            "y": 943,
            "page": 0
        },
        {
            "id": 272,
            "index": 264,
            "char": "Đ",
            "width": 45,
            "height": 47,
            "xoffset": -12,
            "yoffset": 12,
            "xadvance": 23,
            "chnl": 15,
            "x": 49,
            "y": 894,
            "page": 0
        },
        {
            "id": 69,
            "index": 40,
            "char": "E",
            "width": 41,
            "height": 47,
            "xoffset": -9,
            "yoffset": 12,
            "xadvance": 21,
            "chnl": 15,
            "x": 86,
            "y": 942,
            "page": 0
        },
        {
            "id": 70,
            "index": 41,
            "char": "F",
            "width": 39,
            "height": 47,
            "xoffset": -9,
            "yoffset": 12,
            "xadvance": 20,
            "chnl": 15,
            "x": 250,
            "y": 252,
            "page": 0
        },
        {
            "id": 72,
            "index": 43,
            "char": "H",
            "width": 42,
            "height": 47,
            "xoffset": -9,
            "yoffset": 12,
            "xadvance": 23,
            "chnl": 15,
            "x": 250,
            "y": 300,
            "page": 0
        },
        {
            "id": 73,
            "index": 44,
            "char": "I",
            "width": 27,
            "height": 47,
            "xoffset": -9,
            "yoffset": 12,
            "xadvance": 9,
            "chnl": 15,
            "x": 271,
            "y": 199,
            "page": 0
        },
        {
            "id": 74,
            "index": 45,
            "char": "J",
            "width": 37,
            "height": 47,
            "xoffset": -11,
            "yoffset": 12,
            "xadvance": 16,
            "chnl": 15,
            "x": 290,
            "y": 247,
            "page": 0
        },
        {
            "id": 75,
            "index": 46,
            "char": "K",
            "width": 43,
            "height": 47,
            "xoffset": -10,
            "yoffset": 12,
            "xadvance": 21,
            "chnl": 15,
            "x": 299,
            "y": 199,
            "page": 0
        },
        {
            "id": 76,
            "index": 47,
            "char": "L",
            "width": 38,
            "height": 47,
            "xoffset": -10,
            "yoffset": 12,
            "xadvance": 18,
            "chnl": 15,
            "x": 304,
            "y": 150,
            "page": 0
        },
        {
            "id": 77,
            "index": 48,
            "char": "M",
            "width": 46,
            "height": 47,
            "xoffset": -10,
            "yoffset": 12,
            "xadvance": 27,
            "chnl": 15,
            "x": 316,
            "y": 99,
            "page": 0
        },
        {
            "id": 78,
            "index": 49,
            "char": "N",
            "width": 42,
            "height": 47,
            "xoffset": -10,
            "yoffset": 12,
            "xadvance": 23,
            "chnl": 15,
            "x": 351,
            "y": 50,
            "page": 0
        },
        {
            "id": 80,
            "index": 51,
            "char": "P",
            "width": 41,
            "height": 47,
            "xoffset": -10,
            "yoffset": 12,
            "xadvance": 21,
            "chnl": 15,
            "x": 354,
            "y": 0,
            "page": 0
        },
        {
            "id": 82,
            "index": 53,
            "char": "R",
            "width": 44,
            "height": 47,
            "xoffset": -9,
            "yoffset": 12,
            "xadvance": 23,
            "chnl": 15,
            "x": 87,
            "y": 797,
            "page": 0
        },
        {
            "id": 84,
            "index": 55,
            "char": "T",
            "width": 42,
            "height": 47,
            "xoffset": -11,
            "yoffset": 12,
            "xadvance": 20,
            "chnl": 15,
            "x": 87,
            "y": 845,
            "page": 0
        },
        {
            "id": 85,
            "index": 56,
            "char": "U",
            "width": 42,
            "height": 47,
            "xoffset": -9,
            "yoffset": 12,
            "xadvance": 23,
            "chnl": 15,
            "x": 95,
            "y": 893,
            "page": 0
        },
        {
            "id": 86,
            "index": 57,
            "char": "V",
            "width": 45,
            "height": 47,
            "xoffset": -12,
            "yoffset": 12,
            "xadvance": 21,
            "chnl": 15,
            "x": 130,
            "y": 845,
            "page": 0
        },
        {
            "id": 88,
            "index": 59,
            "char": "X",
            "width": 45,
            "height": 47,
            "xoffset": -12,
            "yoffset": 12,
            "xadvance": 21,
            "chnl": 15,
            "x": 116,
            "y": 736,
            "page": 0
        },
        {
            "id": 89,
            "index": 60,
            "char": "Y",
            "width": 45,
            "height": 47,
            "xoffset": -12,
            "yoffset": 12,
            "xadvance": 21,
            "chnl": 15,
            "x": 130,
            "y": 687,
            "page": 0
        },
        {
            "id": 90,
            "index": 61,
            "char": "Z",
            "width": 42,
            "height": 47,
            "xoffset": -11,
            "yoffset": 12,
            "xadvance": 20,
            "chnl": 15,
            "x": 132,
            "y": 784,
            "page": 0
        },
        {
            "id": 98,
            "index": 69,
            "char": "b",
            "width": 38,
            "height": 47,
            "xoffset": -10,
            "yoffset": 12,
            "xadvance": 18,
            "chnl": 15,
            "x": 162,
            "y": 735,
            "page": 0
        },
        {
            "id": 269,
            "index": 254,
            "char": "č",
            "width": 38,
            "height": 47,
            "xoffset": -11,
            "yoffset": 12,
            "xadvance": 16,
            "chnl": 15,
            "x": 175,
            "y": 783,
            "page": 0
        },
        {
            "id": 263,
            "index": 252,
            "char": "ć",
            "width": 38,
            "height": 47,
            "xoffset": -11,
            "yoffset": 12,
            "xadvance": 16,
            "chnl": 15,
            "x": 128,
            "y": 941,
            "page": 0
        },
        {
            "id": 100,
            "index": 71,
            "char": "d",
            "width": 38,
            "height": 47,
            "xoffset": -11,
            "yoffset": 12,
            "xadvance": 18,
            "chnl": 15,
            "x": 138,
            "y": 893,
            "page": 0
        },
        {
            "id": 273,
            "index": 255,
            "char": "đ",
            "width": 41,
            "height": 47,
            "xoffset": -11,
            "yoffset": 12,
            "xadvance": 18,
            "chnl": 15,
            "x": 176,
            "y": 831,
            "page": 0
        },
        {
            "id": 102,
            "index": 73,
            "char": "f",
            "width": 34,
            "height": 47,
            "xoffset": -12,
            "yoffset": 12,
            "xadvance": 9,
            "chnl": 15,
            "x": 167,
            "y": 941,
            "page": 0
        },
        {
            "id": 104,
            "index": 75,
            "char": "h",
            "width": 38,
            "height": 47,
            "xoffset": -10,
            "yoffset": 12,
            "xadvance": 18,
            "chnl": 15,
            "x": 177,
            "y": 879,
            "page": 0
        },
        {
            "id": 105,
            "index": 76,
            "char": "i",
            "width": 27,
            "height": 47,
            "xoffset": -10,
            "yoffset": 12,
            "xadvance": 7,
            "chnl": 15,
            "x": 202,
            "y": 927,
            "page": 0
        },
        {
            "id": 107,
            "index": 78,
            "char": "k",
            "width": 38,
            "height": 47,
            "xoffset": -10,
            "yoffset": 12,
            "xadvance": 16,
            "chnl": 15,
            "x": 216,
            "y": 879,
            "page": 0
        },
        {
            "id": 108,
            "index": 79,
            "char": "l",
            "width": 27,
            "height": 47,
            "xoffset": -10,
            "yoffset": 12,
            "xadvance": 7,
            "chnl": 15,
            "x": 202,
            "y": 975,
            "page": 0
        },
        {
            "id": 112,
            "index": 83,
            "char": "p",
            "width": 38,
            "height": 47,
            "xoffset": -10,
            "yoffset": 18,
            "xadvance": 18,
            "chnl": 15,
            "x": 230,
            "y": 927,
            "page": 0
        },
        {
            "id": 113,
            "index": 84,
            "char": "q",
            "width": 38,
            "height": 47,
            "xoffset": -11,
            "yoffset": 18,
            "xadvance": 18,
            "chnl": 15,
            "x": 230,
            "y": 975,
            "page": 0
        },
        {
            "id": 353,
            "index": 227,
            "char": "š",
            "width": 38,
            "height": 47,
            "xoffset": -11,
            "yoffset": 12,
            "xadvance": 16,
            "chnl": 15,
            "x": 176,
            "y": 632,
            "page": 0
        },
        {
            "id": 116,
            "index": 87,
            "char": "t",
            "width": 32,
            "height": 47,
            "xoffset": -11,
            "yoffset": 13,
            "xadvance": 9,
            "chnl": 15,
            "x": 176,
            "y": 680,
            "page": 0
        },
        {
            "id": 119,
            "index": 90,
            "char": "w",
            "width": 47,
            "height": 41,
            "xoffset": -12,
            "yoffset": 18,
            "xadvance": 23,
            "chnl": 15,
            "x": 201,
            "y": 728,
            "page": 0
        },
        {
            "id": 121,
            "index": 92,
            "char": "y",
            "width": 39,
            "height": 47,
            "xoffset": -11,
            "yoffset": 18,
            "xadvance": 16,
            "chnl": 15,
            "x": 209,
            "y": 680,
            "page": 0
        },
        {
            "id": 382,
            "index": 229,
            "char": "ž",
            "width": 39,
            "height": 47,
            "xoffset": -11,
            "yoffset": 12,
            "xadvance": 16,
            "chnl": 15,
            "x": 214,
            "y": 770,
            "page": 0
        },
        {
            "id": 1040,
            "index": 570,
            "char": "А",
            "width": 45,
            "height": 47,
            "xoffset": -12,
            "yoffset": 12,
            "xadvance": 21,
            "chnl": 15,
            "x": 218,
            "y": 818,
            "page": 0
        },
        {
            "id": 1041,
            "index": 571,
            "char": "Б",
            "width": 41,
            "height": 47,
            "xoffset": -9,
            "yoffset": 12,
            "xadvance": 21,
            "chnl": 15,
            "x": 255,
            "y": 866,
            "page": 0
        },
        {
            "id": 1042,
            "index": 572,
            "char": "В",
            "width": 41,
            "height": 47,
            "xoffset": -10,
            "yoffset": 12,
            "xadvance": 21,
            "chnl": 15,
            "x": 184,
            "y": 521,
            "page": 0
        },
        {
            "id": 1043,
            "index": 573,
            "char": "Г",
            "width": 39,
            "height": 47,
            "xoffset": -9,
            "yoffset": 12,
            "xadvance": 17,
            "chnl": 15,
            "x": 184,
            "y": 569,
            "page": 0
        },
        {
            "id": 1045,
            "index": 575,
            "char": "Е",
            "width": 41,
            "height": 47,
            "xoffset": -9,
            "yoffset": 12,
            "xadvance": 21,
            "chnl": 15,
            "x": 221,
            "y": 458,
            "page": 0
        },
        {
            "id": 1048,
            "index": 578,
            "char": "И",
            "width": 42,
            "height": 47,
            "xoffset": -9,
            "yoffset": 12,
            "xadvance": 23,
            "chnl": 15,
            "x": 245,
            "y": 396,
            "page": 0
        },
        {
            "id": 1030,
            "index": 561,
            "char": "І",
            "width": 27,
            "height": 47,
            "xoffset": -9,
            "yoffset": 12,
            "xadvance": 9,
            "chnl": 15,
            "x": 256,
            "y": 348,
            "page": 0
        },
        {
            "id": 1032,
            "index": 563,
            "char": "Ј",
            "width": 37,
            "height": 47,
            "xoffset": -11,
            "yoffset": 12,
            "xadvance": 16,
            "chnl": 15,
            "x": 284,
            "y": 348,
            "page": 0
        },
        {
            "id": 1050,
            "index": 580,
            "char": "К",
            "width": 40,
            "height": 47,
            "xoffset": -9,
            "yoffset": 12,
            "xadvance": 19,
            "chnl": 15,
            "x": 293,
            "y": 295,
            "page": 0
        },
        {
            "id": 1051,
            "index": 581,
            "char": "Л",
            "width": 42,
            "height": 47,
            "xoffset": -12,
            "yoffset": 12,
            "xadvance": 21,
            "chnl": 15,
            "x": 328,
            "y": 247,
            "page": 0
        },
        {
            "id": 1052,
            "index": 582,
            "char": "М",
            "width": 46,
            "height": 47,
            "xoffset": -10,
            "yoffset": 12,
            "xadvance": 27,
            "chnl": 15,
            "x": 215,
            "y": 617,
            "page": 0
        },
        {
            "id": 1053,
            "index": 583,
            "char": "Н",
            "width": 42,
            "height": 47,
            "xoffset": -9,
            "yoffset": 12,
            "xadvance": 23,
            "chnl": 15,
            "x": 224,
            "y": 569,
            "page": 0
        },
        {
            "id": 1055,
            "index": 585,
            "char": "П",
            "width": 42,
            "height": 47,
            "xoffset": -9,
            "yoffset": 12,
            "xadvance": 23,
            "chnl": 15,
            "x": 226,
            "y": 506,
            "page": 0
        },
        {
            "id": 1056,
            "index": 586,
            "char": "Р",
            "width": 41,
            "height": 47,
            "xoffset": -10,
            "yoffset": 12,
            "xadvance": 21,
            "chnl": 15,
            "x": 263,
            "y": 444,
            "page": 0
        },
        {
            "id": 1058,
            "index": 588,
            "char": "Т",
            "width": 42,
            "height": 47,
            "xoffset": -11,
            "yoffset": 12,
            "xadvance": 20,
            "chnl": 15,
            "x": 288,
            "y": 396,
            "page": 0
        },
        {
            "id": 1059,
            "index": 589,
            "char": "У",
            "width": 44,
            "height": 47,
            "xoffset": -12,
            "yoffset": 12,
            "xadvance": 20,
            "chnl": 15,
            "x": 322,
            "y": 343,
            "page": 0
        },
        {
            "id": 1060,
            "index": 590,
            "char": "Ф",
            "width": 46,
            "height": 47,
            "xoffset": -11,
            "yoffset": 12,
            "xadvance": 24,
            "chnl": 15,
            "x": 334,
            "y": 295,
            "page": 0
        },
        {
            "id": 1061,
            "index": 591,
            "char": "Х",
            "width": 45,
            "height": 47,
            "xoffset": -12,
            "yoffset": 12,
            "xadvance": 21,
            "chnl": 15,
            "x": 343,
            "y": 147,
            "page": 0
        },
        {
            "id": 1063,
            "index": 593,
            "char": "Ч",
            "width": 41,
            "height": 47,
            "xoffset": -11,
            "yoffset": 12,
            "xadvance": 21,
            "chnl": 15,
            "x": 363,
            "y": 98,
            "page": 0
        },
        {
            "id": 1067,
            "index": 597,
            "char": "Ы",
            "width": 47,
            "height": 47,
            "xoffset": -9,
            "yoffset": 12,
            "xadvance": 28,
            "chnl": 15,
            "x": 394,
            "y": 48,
            "page": 0
        },
        {
            "id": 1068,
            "index": 598,
            "char": "Ь",
            "width": 41,
            "height": 47,
            "xoffset": -9,
            "yoffset": 12,
            "xadvance": 21,
            "chnl": 15,
            "x": 396,
            "y": 0,
            "page": 0
        },
        {
            "id": 1071,
            "index": 601,
            "char": "Я",
            "width": 44,
            "height": 47,
            "xoffset": -12,
            "yoffset": 12,
            "xadvance": 23,
            "chnl": 15,
            "x": 438,
            "y": 0,
            "page": 0
        },
        {
            "id": 1169,
            "index": 649,
            "char": "ґ",
            "width": 34,
            "height": 47,
            "xoffset": -10,
            "yoffset": 12,
            "xadvance": 13,
            "chnl": 15,
            "x": 343,
            "y": 195,
            "page": 0
        },
        {
            "id": 1105,
            "index": 634,
            "char": "ё",
            "width": 39,
            "height": 47,
            "xoffset": -11,
            "yoffset": 12,
            "xadvance": 18,
            "chnl": 15,
            "x": 371,
            "y": 243,
            "page": 0
        },
        {
            "id": 1110,
            "index": 639,
            "char": "і",
            "width": 27,
            "height": 47,
            "xoffset": -10,
            "yoffset": 12,
            "xadvance": 7,
            "chnl": 15,
            "x": 378,
            "y": 195,
            "page": 0
        },
        {
            "id": 1111,
            "index": 640,
            "char": "ї",
            "width": 33,
            "height": 47,
            "xoffset": -12,
            "yoffset": 12,
            "xadvance": 9,
            "chnl": 15,
            "x": 389,
            "y": 146,
            "page": 0
        },
        {
            "id": 1081,
            "index": 611,
            "char": "й",
            "width": 38,
            "height": 47,
            "xoffset": -10,
            "yoffset": 12,
            "xadvance": 18,
            "chnl": 15,
            "x": 406,
            "y": 194,
            "page": 0
        },
        {
            "id": 1114,
            "index": 643,
            "char": "њ",
            "width": 47,
            "height": 41,
            "xoffset": -10,
            "yoffset": 18,
            "xadvance": 26,
            "chnl": 15,
            "x": 405,
            "y": 96,
            "page": 0
        },
        {
            "id": 1088,
            "index": 618,
            "char": "р",
            "width": 38,
            "height": 47,
            "xoffset": -10,
            "yoffset": 18,
            "xadvance": 18,
            "chnl": 15,
            "x": 442,
            "y": 48,
            "page": 0
        },
        {
            "id": 1115,
            "index": 644,
            "char": "ћ",
            "width": 40,
            "height": 47,
            "xoffset": -12,
            "yoffset": 12,
            "xadvance": 18,
            "chnl": 15,
            "x": 423,
            "y": 138,
            "page": 0
        },
        {
            "id": 1091,
            "index": 621,
            "char": "у",
            "width": 39,
            "height": 47,
            "xoffset": -11,
            "yoffset": 18,
            "xadvance": 16,
            "chnl": 15,
            "x": 249,
            "y": 665,
            "page": 0
        },
        {
            "id": 1097,
            "index": 627,
            "char": "щ",
            "width": 47,
            "height": 45,
            "xoffset": -10,
            "yoffset": 18,
            "xadvance": 26,
            "chnl": 15,
            "x": 262,
            "y": 617,
            "page": 0
        },
        {
            "id": 913,
            "index": 505,
            "char": "Α",
            "width": 45,
            "height": 47,
            "xoffset": -12,
            "yoffset": 12,
            "xadvance": 21,
            "chnl": 15,
            "x": 249,
            "y": 713,
            "page": 0
        },
        {
            "id": 914,
            "index": 506,
            "char": "Β",
            "width": 41,
            "height": 47,
            "xoffset": -10,
            "yoffset": 12,
            "xadvance": 21,
            "chnl": 15,
            "x": 289,
            "y": 663,
            "page": 0
        },
        {
            "id": 915,
            "index": 299,
            "char": "Γ",
            "width": 38,
            "height": 47,
            "xoffset": -9,
            "yoffset": 12,
            "xadvance": 18,
            "chnl": 15,
            "x": 254,
            "y": 761,
            "page": 0
        },
        {
            "id": 916,
            "index": 507,
            "char": "Δ",
            "width": 45,
            "height": 47,
            "xoffset": -12,
            "yoffset": 12,
            "xadvance": 21,
            "chnl": 15,
            "x": 264,
            "y": 809,
            "page": 0
        },
        {
            "id": 917,
            "index": 508,
            "char": "Ε",
            "width": 41,
            "height": 47,
            "xoffset": -9,
            "yoffset": 12,
            "xadvance": 21,
            "chnl": 15,
            "x": 293,
            "y": 761,
            "page": 0
        },
        {
            "id": 918,
            "index": 509,
            "char": "Ζ",
            "width": 42,
            "height": 47,
            "xoffset": -11,
            "yoffset": 12,
            "xadvance": 20,
            "chnl": 15,
            "x": 295,
            "y": 711,
            "page": 0
        },
        {
            "id": 919,
            "index": 510,
            "char": "Η",
            "width": 42,
            "height": 47,
            "xoffset": -9,
            "yoffset": 12,
            "xadvance": 23,
            "chnl": 15,
            "x": 267,
            "y": 554,
            "page": 0
        },
        {
            "id": 921,
            "index": 511,
            "char": "Ι",
            "width": 27,
            "height": 47,
            "xoffset": -9,
            "yoffset": 12,
            "xadvance": 9,
            "chnl": 15,
            "x": 269,
            "y": 492,
            "page": 0
        },
        {
            "id": 922,
            "index": 512,
            "char": "Κ",
            "width": 43,
            "height": 47,
            "xoffset": -10,
            "yoffset": 12,
            "xadvance": 21,
            "chnl": 15,
            "x": 297,
            "y": 492,
            "page": 0
        },
        {
            "id": 923,
            "index": 513,
            "char": "Λ",
            "width": 45,
            "height": 47,
            "xoffset": -12,
            "yoffset": 12,
            "xadvance": 21,
            "chnl": 15,
            "x": 305,
            "y": 444,
            "page": 0
        },
        {
            "id": 924,
            "index": 514,
            "char": "Μ",
            "width": 46,
            "height": 47,
            "xoffset": -10,
            "yoffset": 12,
            "xadvance": 27,
            "chnl": 15,
            "x": 331,
            "y": 391,
            "page": 0
        },
        {
            "id": 925,
            "index": 515,
            "char": "Ν",
            "width": 42,
            "height": 47,
            "xoffset": -10,
            "yoffset": 12,
            "xadvance": 23,
            "chnl": 15,
            "x": 367,
            "y": 343,
            "page": 0
        },
        {
            "id": 926,
            "index": 516,
            "char": "Ξ",
            "width": 41,
            "height": 47,
            "xoffset": -10,
            "yoffset": 12,
            "xadvance": 21,
            "chnl": 15,
            "x": 381,
            "y": 291,
            "page": 0
        },
        {
            "id": 928,
            "index": 518,
            "char": "Π",
            "width": 42,
            "height": 47,
            "xoffset": -9,
            "yoffset": 12,
            "xadvance": 23,
            "chnl": 15,
            "x": 411,
            "y": 242,
            "page": 0
        },
        {
            "id": 929,
            "index": 519,
            "char": "Ρ",
            "width": 41,
            "height": 47,
            "xoffset": -10,
            "yoffset": 12,
            "xadvance": 21,
            "chnl": 15,
            "x": 445,
            "y": 186,
            "page": 0
        },
        {
            "id": 931,
            "index": 520,
            "char": "Σ",
            "width": 40,
            "height": 47,
            "xoffset": -10,
            "yoffset": 12,
            "xadvance": 20,
            "chnl": 15,
            "x": 464,
            "y": 96,
            "page": 0
        },
        {
            "id": 932,
            "index": 521,
            "char": "Τ",
            "width": 42,
            "height": 47,
            "xoffset": -11,
            "yoffset": 12,
            "xadvance": 20,
            "chnl": 15,
            "x": 481,
            "y": 48,
            "page": 0
        },
        {
            "id": 933,
            "index": 522,
            "char": "Υ",
            "width": 45,
            "height": 47,
            "xoffset": -12,
            "yoffset": 12,
            "xadvance": 21,
            "chnl": 15,
            "x": 483,
            "y": 0,
            "page": 0
        },
        {
            "id": 935,
            "index": 523,
            "char": "Χ",
            "width": 45,
            "height": 47,
            "xoffset": -12,
            "yoffset": 12,
            "xadvance": 21,
            "chnl": 15,
            "x": 269,
            "y": 914,
            "page": 0
        },
        {
            "id": 936,
            "index": 524,
            "char": "Ψ",
            "width": 47,
            "height": 47,
            "xoffset": -10,
            "yoffset": 12,
            "xadvance": 27,
            "chnl": 15,
            "x": 297,
            "y": 857,
            "page": 0
        },
        {
            "id": 937,
            "index": 525,
            "char": "Ω",
            "width": 45,
            "height": 47,
            "xoffset": -10,
            "yoffset": 12,
            "xadvance": 24,
            "chnl": 15,
            "x": 310,
            "y": 809,
            "page": 0
        },
        {
            "id": 947,
            "index": 534,
            "char": "γ",
            "width": 39,
            "height": 47,
            "xoffset": -12,
            "yoffset": 18,
            "xadvance": 16,
            "chnl": 15,
            "x": 335,
            "y": 759,
            "page": 0
        },
        {
            "id": 948,
            "index": 303,
            "char": "δ",
            "width": 40,
            "height": 47,
            "xoffset": -11,
            "yoffset": 12,
            "xadvance": 18,
            "chnl": 15,
            "x": 269,
            "y": 962,
            "page": 0
        },
        {
            "id": 951,
            "index": 536,
            "char": "η",
            "width": 37,
            "height": 47,
            "xoffset": -10,
            "yoffset": 18,
            "xadvance": 18,
            "chnl": 15,
            "x": 310,
            "y": 962,
            "page": 0
        },
        {
            "id": 955,
            "index": 540,
            "char": "λ",
            "width": 39,
            "height": 47,
            "xoffset": -12,
            "yoffset": 12,
            "xadvance": 16,
            "chnl": 15,
            "x": 315,
            "y": 905,
            "page": 0
        },
        {
            "id": 956,
            "index": 541,
            "char": "μ",
            "width": 37,
            "height": 47,
            "xoffset": -9,
            "yoffset": 18,
            "xadvance": 18,
            "chnl": 15,
            "x": 345,
            "y": 857,
            "page": 0
        },
        {
            "id": 961,
            "index": 545,
            "char": "ρ",
            "width": 39,
            "height": 47,
            "xoffset": -10,
            "yoffset": 18,
            "xadvance": 18,
            "chnl": 15,
            "x": 356,
            "y": 807,
            "page": 0
        },
        {
            "id": 966,
            "index": 307,
            "char": "φ",
            "width": 43,
            "height": 47,
            "xoffset": -11,
            "yoffset": 18,
            "xadvance": 21,
            "chnl": 15,
            "x": 348,
            "y": 953,
            "page": 0
        },
        {
            "id": 967,
            "index": 548,
            "char": "χ",
            "width": 40,
            "height": 47,
            "xoffset": -12,
            "yoffset": 18,
            "xadvance": 17,
            "chnl": 15,
            "x": 355,
            "y": 905,
            "page": 0
        },
        {
            "id": 968,
            "index": 549,
            "char": "ψ",
            "width": 43,
            "height": 47,
            "xoffset": -10,
            "yoffset": 18,
            "xadvance": 23,
            "chnl": 15,
            "x": 383,
            "y": 855,
            "page": 0
        },
        {
            "id": 940,
            "index": 528,
            "char": "ά",
            "width": 40,
            "height": 47,
            "xoffset": -11,
            "yoffset": 12,
            "xadvance": 19,
            "chnl": 15,
            "x": 392,
            "y": 953,
            "page": 0
        },
        {
            "id": 902,
            "index": 497,
            "char": "Ά",
            "width": 45,
            "height": 47,
            "xoffset": -12,
            "yoffset": 12,
            "xadvance": 21,
            "chnl": 15,
            "x": 396,
            "y": 903,
            "page": 0
        },
        {
            "id": 941,
            "index": 529,
            "char": "έ",
            "width": 36,
            "height": 47,
            "xoffset": -10,
            "yoffset": 12,
            "xadvance": 14,
            "chnl": 15,
            "x": 433,
            "y": 951,
            "page": 0
        },
        {
            "id": 943,
            "index": 531,
            "char": "ί",
            "width": 30,
            "height": 47,
            "xoffset": -10,
            "yoffset": 12,
            "xadvance": 7,
            "chnl": 15,
            "x": 310,
            "y": 540,
            "page": 0
        },
        {
            "id": 970,
            "index": 551,
            "char": "ϊ",
            "width": 33,
            "height": 47,
            "xoffset": -13,
            "yoffset": 12,
            "xadvance": 7,
            "chnl": 15,
            "x": 310,
            "y": 588,
            "page": 0
        },
        {
            "id": 906,
            "index": 500,
            "char": "Ί",
            "width": 34,
            "height": 47,
            "xoffset": -13,
            "yoffset": 12,
            "xadvance": 12,
            "chnl": 15,
            "x": 331,
            "y": 636,
            "page": 0
        },
        {
            "id": 972,
            "index": 553,
            "char": "ό",
            "width": 40,
            "height": 47,
            "xoffset": -11,
            "yoffset": 12,
            "xadvance": 18,
            "chnl": 15,
            "x": 338,
            "y": 684,
            "page": 0
        },
        {
            "id": 973,
            "index": 554,
            "char": "ύ",
            "width": 37,
            "height": 47,
            "xoffset": -10,
            "yoffset": 12,
            "xadvance": 18,
            "chnl": 15,
            "x": 375,
            "y": 732,
            "page": 0
        },
        {
            "id": 971,
            "index": 552,
            "char": "ϋ",
            "width": 37,
            "height": 47,
            "xoffset": -10,
            "yoffset": 12,
            "xadvance": 18,
            "chnl": 15,
            "x": 396,
            "y": 780,
            "page": 0
        },
        {
            "id": 259,
            "index": 259,
            "char": "ă",
            "width": 39,
            "height": 47,
            "xoffset": -11,
            "yoffset": 12,
            "xadvance": 18,
            "chnl": 15,
            "x": 427,
            "y": 828,
            "page": 0
        },
        {
            "id": 226,
            "index": 107,
            "char": "â",
            "width": 39,
            "height": 47,
            "xoffset": -11,
            "yoffset": 12,
            "xadvance": 18,
            "chnl": 15,
            "x": 442,
            "y": 876,
            "page": 0
        },
        {
            "id": 234,
            "index": 114,
            "char": "ê",
            "width": 39,
            "height": 47,
            "xoffset": -11,
            "yoffset": 12,
            "xadvance": 18,
            "chnl": 15,
            "x": 341,
            "y": 492,
            "page": 0
        },
        {
            "id": 244,
            "index": 123,
            "char": "ô",
            "width": 40,
            "height": 47,
            "xoffset": -11,
            "yoffset": 12,
            "xadvance": 18,
            "chnl": 15,
            "x": 341,
            "y": 540,
            "page": 0
        },
        {
            "id": 49,
            "index": 20,
            "char": "1",
            "width": 32,
            "height": 47,
            "xoffset": -9,
            "yoffset": 12,
            "xadvance": 18,
            "chnl": 15,
            "x": 344,
            "y": 588,
            "page": 0
        },
        {
            "id": 50,
            "index": 21,
            "char": "2",
            "width": 39,
            "height": 47,
            "xoffset": -11,
            "yoffset": 12,
            "xadvance": 18,
            "chnl": 15,
            "x": 366,
            "y": 636,
            "page": 0
        },
        {
            "id": 51,
            "index": 22,
            "char": "3",
            "width": 39,
            "height": 47,
            "xoffset": -11,
            "yoffset": 12,
            "xadvance": 18,
            "chnl": 15,
            "x": 379,
            "y": 684,
            "page": 0
        },
        {
            "id": 52,
            "index": 23,
            "char": "4",
            "width": 40,
            "height": 47,
            "xoffset": -12,
            "yoffset": 12,
            "xadvance": 18,
            "chnl": 15,
            "x": 377,
            "y": 588,
            "page": 0
        },
        {
            "id": 53,
            "index": 24,
            "char": "5",
            "width": 39,
            "height": 47,
            "xoffset": -11,
            "yoffset": 12,
            "xadvance": 18,
            "chnl": 15,
            "x": 413,
            "y": 732,
            "page": 0
        },
        {
            "id": 54,
            "index": 25,
            "char": "6",
            "width": 39,
            "height": 47,
            "xoffset": -11,
            "yoffset": 12,
            "xadvance": 18,
            "chnl": 15,
            "x": 406,
            "y": 636,
            "page": 0
        },
        {
            "id": 55,
            "index": 26,
            "char": "7",
            "width": 39,
            "height": 47,
            "xoffset": -10,
            "yoffset": 12,
            "xadvance": 18,
            "chnl": 15,
            "x": 434,
            "y": 780,
            "page": 0
        },
        {
            "id": 56,
            "index": 27,
            "char": "8",
            "width": 39,
            "height": 47,
            "xoffset": -11,
            "yoffset": 12,
            "xadvance": 18,
            "chnl": 15,
            "x": 419,
            "y": 684,
            "page": 0
        },
        {
            "id": 57,
            "index": 28,
            "char": "9",
            "width": 39,
            "height": 47,
            "xoffset": -11,
            "yoffset": 12,
            "xadvance": 18,
            "chnl": 15,
            "x": 467,
            "y": 828,
            "page": 0
        },
        {
            "id": 48,
            "index": 19,
            "char": "0",
            "width": 39,
            "height": 47,
            "xoffset": -11,
            "yoffset": 12,
            "xadvance": 18,
            "chnl": 15,
            "x": 453,
            "y": 732,
            "page": 0
        },
        {
            "id": 63,
            "index": 34,
            "char": "?",
            "width": 39,
            "height": 47,
            "xoffset": -11,
            "yoffset": 12,
            "xadvance": 18,
            "chnl": 15,
            "x": 474,
            "y": 780,
            "page": 0
        },
        {
            "id": 33,
            "index": 4,
            "char": "!",
            "width": 27,
            "height": 47,
            "xoffset": -9,
            "yoffset": 12,
            "xadvance": 9,
            "chnl": 15,
            "x": 351,
            "y": 439,
            "page": 0
        },
        {
            "id": 165,
            "index": 150,
            "char": "¥",
            "width": 42,
            "height": 47,
            "xoffset": -12,
            "yoffset": 12,
            "xadvance": 18,
            "chnl": 15,
            "x": 378,
            "y": 391,
            "page": 0
        },
        {
            "id": 228,
            "index": 108,
            "char": "ä",
            "width": 39,
            "height": 47,
            "xoffset": -11,
            "yoffset": 12,
            "xadvance": 18,
            "chnl": 15,
            "x": 410,
            "y": 339,
            "page": 0
        },
        {
            "id": 246,
            "index": 124,
            "char": "ö",
            "width": 40,
            "height": 47,
            "xoffset": -11,
            "yoffset": 12,
            "xadvance": 18,
            "chnl": 15,
            "x": 423,
            "y": 290,
            "page": 0
        },
        {
            "id": 252,
            "index": 129,
            "char": "ü",
            "width": 37,
            "height": 47,
            "xoffset": -10,
            "yoffset": 12,
            "xadvance": 18,
            "chnl": 15,
            "x": 379,
            "y": 439,
            "page": 0
        },
        {
            "id": 109,
            "index": 80,
            "char": "m",
            "width": 46,
            "height": 41,
            "xoffset": -10,
            "yoffset": 18,
            "xadvance": 27,
            "chnl": 15,
            "x": 464,
            "y": 144,
            "page": 0
        },
        {
            "id": 1078,
            "index": 608,
            "char": "ж",
            "width": 46,
            "height": 41,
            "xoffset": -12,
            "yoffset": 18,
            "xadvance": 21,
            "chnl": 15,
            "x": 505,
            "y": 96,
            "page": 0
        },
        {
            "id": 969,
            "index": 550,
            "char": "ω",
            "width": 46,
            "height": 41,
            "xoffset": -11,
            "yoffset": 18,
            "xadvance": 25,
            "chnl": 15,
            "x": 524,
            "y": 48,
            "page": 0
        },
        {
            "id": 1076,
            "index": 606,
            "char": "д",
            "width": 42,
            "height": 45,
            "xoffset": -12,
            "yoffset": 18,
            "xadvance": 19,
            "chnl": 15,
            "x": 529,
            "y": 0,
            "page": 0
        },
        {
            "id": 1094,
            "index": 624,
            "char": "ц",
            "width": 39,
            "height": 45,
            "xoffset": -10,
            "yoffset": 18,
            "xadvance": 18,
            "chnl": 15,
            "x": 381,
            "y": 487,
            "page": 0
        },
        {
            "id": 1119,
            "index": 647,
            "char": "џ",
            "width": 37,
            "height": 45,
            "xoffset": -10,
            "yoffset": 18,
            "xadvance": 18,
            "chnl": 15,
            "x": 417,
            "y": 439,
            "page": 0
        },
        {
            "id": 1096,
            "index": 626,
            "char": "ш",
            "width": 45,
            "height": 41,
            "xoffset": -10,
            "yoffset": 18,
            "xadvance": 26,
            "chnl": 15,
            "x": 421,
            "y": 387,
            "page": 0
        },
        {
            "id": 1102,
            "index": 632,
            "char": "ю",
            "width": 45,
            "height": 41,
            "xoffset": -10,
            "yoffset": 18,
            "xadvance": 24,
            "chnl": 15,
            "x": 450,
            "y": 338,
            "page": 0
        },
        {
            "id": 960,
            "index": 652,
            "char": "π",
            "width": 45,
            "height": 41,
            "xoffset": -11,
            "yoffset": 18,
            "xadvance": 22,
            "chnl": 15,
            "x": 382,
            "y": 533,
            "page": 0
        },
        {
            "id": 59,
            "index": 30,
            "char": ";",
            "width": 27,
            "height": 45,
            "xoffset": -9,
            "yoffset": 18,
            "xadvance": 9,
            "chnl": 15,
            "x": 421,
            "y": 485,
            "page": 0
        },
        {
            "id": 7838,
            "index": 0,
            "char": "ẞ",
            "width": 40,
            "height": 44,
            "xoffset": -8,
            "yoffset": 15,
            "xadvance": 24,
            "chnl": 15,
            "x": 454,
            "y": 234,
            "page": 0
        },
        {
            "id": 1099,
            "index": 629,
            "char": "ы",
            "width": 43,
            "height": 41,
            "xoffset": -10,
            "yoffset": 18,
            "xadvance": 23,
            "chnl": 15,
            "x": 487,
            "y": 186,
            "page": 0
        },
        {
            "id": 417,
            "index": 1131,
            "char": "ơ",
            "width": 43,
            "height": 41,
            "xoffset": -11,
            "yoffset": 18,
            "xadvance": 21,
            "chnl": 15,
            "x": 511,
            "y": 138,
            "page": 0
        },
        {
            "id": 1084,
            "index": 614,
            "char": "м",
            "width": 42,
            "height": 41,
            "xoffset": -10,
            "yoffset": 18,
            "xadvance": 22,
            "chnl": 15,
            "x": 552,
            "y": 90,
            "page": 0
        },
        {
            "id": 1098,
            "index": 628,
            "char": "ъ",
            "width": 42,
            "height": 41,
            "xoffset": -11,
            "yoffset": 18,
            "xadvance": 20,
            "chnl": 15,
            "x": 571,
            "y": 46,
            "page": 0
        },
        {
            "id": 963,
            "index": 305,
            "char": "σ",
            "width": 42,
            "height": 41,
            "xoffset": -11,
            "yoffset": 18,
            "xadvance": 20,
            "chnl": 15,
            "x": 572,
            "y": 0,
            "page": 0
        },
        {
            "id": 432,
            "index": 1133,
            "char": "ư",
            "width": 42,
            "height": 41,
            "xoffset": -10,
            "yoffset": 18,
            "xadvance": 21,
            "chnl": 15,
            "x": 464,
            "y": 279,
            "page": 0
        },
        {
            "id": 97,
            "index": 68,
            "char": "a",
            "width": 39,
            "height": 41,
            "xoffset": -11,
            "yoffset": 18,
            "xadvance": 18,
            "chnl": 15,
            "x": 495,
            "y": 228,
            "page": 0
        },
        {
            "id": 99,
            "index": 70,
            "char": "c",
            "width": 38,
            "height": 41,
            "xoffset": -11,
            "yoffset": 18,
            "xadvance": 16,
            "chnl": 15,
            "x": 531,
            "y": 180,
            "page": 0
        },
        {
            "id": 101,
            "index": 72,
            "char": "e",
            "width": 39,
            "height": 41,
            "xoffset": -11,
            "yoffset": 18,
            "xadvance": 18,
            "chnl": 15,
            "x": 555,
            "y": 132,
            "page": 0
        },
        {
            "id": 110,
            "index": 81,
            "char": "n",
            "width": 37,
            "height": 41,
            "xoffset": -10,
            "yoffset": 18,
            "xadvance": 18,
            "chnl": 15,
            "x": 418,
            "y": 575,
            "page": 0
        },
        {
            "id": 111,
            "index": 82,
            "char": "o",
            "width": 40,
            "height": 41,
            "xoffset": -11,
            "yoffset": 18,
            "xadvance": 18,
            "chnl": 15,
            "x": 428,
            "y": 531,
            "page": 0
        },
        {
            "id": 114,
            "index": 85,
            "char": "r",
            "width": 33,
            "height": 41,
            "xoffset": -10,
            "yoffset": 18,
            "xadvance": 11,
            "chnl": 15,
            "x": 187,
            "y": 208,
            "page": 0
        },
        {
            "id": 115,
            "index": 86,
            "char": "s",
            "width": 38,
            "height": 41,
            "xoffset": -11,
            "yoffset": 18,
            "xadvance": 16,
            "chnl": 15,
            "x": 449,
            "y": 485,
            "page": 0
        },
        {
            "id": 117,
            "index": 88,
            "char": "u",
            "width": 37,
            "height": 41,
            "xoffset": -10,
            "yoffset": 18,
            "xadvance": 18,
            "chnl": 15,
            "x": 455,
            "y": 429,
            "page": 0
        },
        {
            "id": 118,
            "index": 89,
            "char": "v",
            "width": 39,
            "height": 41,
            "xoffset": -12,
            "yoffset": 18,
            "xadvance": 16,
            "chnl": 15,
            "x": 467,
            "y": 380,
            "page": 0
        },
        {
            "id": 120,
            "index": 91,
            "char": "x",
            "width": 40,
            "height": 41,
            "xoffset": -12,
            "yoffset": 18,
            "xadvance": 16,
            "chnl": 15,
            "x": 496,
            "y": 321,
            "page": 0
        },
        {
            "id": 122,
            "index": 93,
            "char": "z",
            "width": 39,
            "height": 41,
            "xoffset": -11,
            "yoffset": 18,
            "xadvance": 16,
            "chnl": 15,
            "x": 507,
            "y": 270,
            "page": 0
        },
        {
            "id": 1072,
            "index": 602,
            "char": "а",
            "width": 39,
            "height": 41,
            "xoffset": -11,
            "yoffset": 18,
            "xadvance": 18,
            "chnl": 15,
            "x": 535,
            "y": 222,
            "page": 0
        },
        {
            "id": 1074,
            "index": 604,
            "char": "в",
            "width": 38,
            "height": 41,
            "xoffset": -10,
            "yoffset": 18,
            "xadvance": 17,
            "chnl": 15,
            "x": 570,
            "y": 174,
            "page": 0
        },
        {
            "id": 1075,
            "index": 605,
            "char": "г",
            "width": 34,
            "height": 41,
            "xoffset": -10,
            "yoffset": 18,
            "xadvance": 12,
            "chnl": 15,
            "x": 446,
            "y": 617,
            "page": 0
        },
        {
            "id": 1077,
            "index": 607,
            "char": "е",
            "width": 39,
            "height": 41,
            "xoffset": -11,
            "yoffset": 18,
            "xadvance": 18,
            "chnl": 15,
            "x": 456,
            "y": 573,
            "page": 0
        },
        {
            "id": 1108,
            "index": 637,
            "char": "є",
            "width": 38,
            "height": 41,
            "xoffset": -11,
            "yoffset": 18,
            "xadvance": 16,
            "chnl": 15,
            "x": 469,
            "y": 527,
            "page": 0
        },
        {
            "id": 1079,
            "index": 609,
            "char": "з",
            "width": 37,
            "height": 41,
            "xoffset": -11,
            "yoffset": 18,
            "xadvance": 15,
            "chnl": 15,
            "x": 488,
            "y": 471,
            "page": 0
        },
        {
            "id": 1109,
            "index": 638,
            "char": "ѕ",
            "width": 38,
            "height": 41,
            "xoffset": -11,
            "yoffset": 18,
            "xadvance": 16,
            "chnl": 15,
            "x": 493,
            "y": 422,
            "page": 0
        },
        {
            "id": 1080,
            "index": 610,
            "char": "и",
            "width": 38,
            "height": 41,
            "xoffset": -10,
            "yoffset": 18,
            "xadvance": 18,
            "chnl": 15,
            "x": 507,
            "y": 363,
            "page": 0
        },
        {
            "id": 1082,
            "index": 612,
            "char": "к",
            "width": 36,
            "height": 41,
            "xoffset": -10,
            "yoffset": 18,
            "xadvance": 14,
            "chnl": 15,
            "x": 537,
            "y": 312,
            "page": 0
        },
        {
            "id": 1083,
            "index": 613,
            "char": "л",
            "width": 40,
            "height": 41,
            "xoffset": -12,
            "yoffset": 18,
            "xadvance": 19,
            "chnl": 15,
            "x": 547,
            "y": 264,
            "page": 0
        },
        {
            "id": 1085,
            "index": 615,
            "char": "н",
            "width": 37,
            "height": 41,
            "xoffset": -10,
            "yoffset": 18,
            "xadvance": 18,
            "chnl": 15,
            "x": 575,
            "y": 216,
            "page": 0
        },
        {
            "id": 1086,
            "index": 616,
            "char": "о",
            "width": 40,
            "height": 41,
            "xoffset": -11,
            "yoffset": 18,
            "xadvance": 18,
            "chnl": 15,
            "x": 459,
            "y": 659,
            "page": 0
        },
        {
            "id": 1087,
            "index": 617,
            "char": "п",
            "width": 37,
            "height": 41,
            "xoffset": -10,
            "yoffset": 18,
            "xadvance": 17,
            "chnl": 15,
            "x": 481,
            "y": 615,
            "page": 0
        },
        {
            "id": 1089,
            "index": 619,
            "char": "с",
            "width": 38,
            "height": 41,
            "xoffset": -11,
            "yoffset": 18,
            "xadvance": 16,
            "chnl": 15,
            "x": 496,
            "y": 569,
            "page": 0
        },
        {
            "id": 1090,
            "index": 620,
            "char": "т",
            "width": 37,
            "height": 41,
            "xoffset": -11,
            "yoffset": 18,
            "xadvance": 15,
            "chnl": 15,
            "x": 508,
            "y": 513,
            "page": 0
        },
        {
            "id": 1093,
            "index": 623,
            "char": "х",
            "width": 40,
            "height": 41,
            "xoffset": -12,
            "yoffset": 18,
            "xadvance": 16,
            "chnl": 15,
            "x": 526,
            "y": 464,
            "page": 0
        },
        {
            "id": 1095,
            "index": 625,
            "char": "ч",
            "width": 37,
            "height": 41,
            "xoffset": -11,
            "yoffset": 18,
            "xadvance": 17,
            "chnl": 15,
            "x": 532,
            "y": 405,
            "page": 0
        },
        {
            "id": 1100,
            "index": 630,
            "char": "ь",
            "width": 38,
            "height": 41,
            "xoffset": -10,
            "yoffset": 18,
            "xadvance": 17,
            "chnl": 15,
            "x": 546,
            "y": 354,
            "page": 0
        },
        {
            "id": 1101,
            "index": 631,
            "char": "э",
            "width": 38,
            "height": 41,
            "xoffset": -11,
            "yoffset": 18,
            "xadvance": 16,
            "chnl": 15,
            "x": 574,
            "y": 306,
            "page": 0
        },
        {
            "id": 1103,
            "index": 633,
            "char": "я",
            "width": 39,
            "height": 41,
            "xoffset": -12,
            "yoffset": 18,
            "xadvance": 17,
            "chnl": 15,
            "x": 588,
            "y": 258,
            "page": 0
        },
        {
            "id": 945,
            "index": 302,
            "char": "α",
            "width": 40,
            "height": 41,
            "xoffset": -11,
            "yoffset": 18,
            "xadvance": 19,
            "chnl": 15,
            "x": 493,
            "y": 701,
            "page": 0
        },
        {
            "id": 949,
            "index": 304,
            "char": "ε",
            "width": 36,
            "height": 41,
            "xoffset": -10,
            "yoffset": 18,
            "xadvance": 14,
            "chnl": 15,
            "x": 500,
            "y": 657,
            "page": 0
        },
        {
            "id": 953,
            "index": 538,
            "char": "ι",
            "width": 27,
            "height": 41,
            "xoffset": -10,
            "yoffset": 18,
            "xadvance": 7,
            "chnl": 15,
            "x": 519,
            "y": 611,
            "page": 0
        },
        {
            "id": 954,
            "index": 539,
            "char": "κ",
            "width": 38,
            "height": 41,
            "xoffset": -10,
            "yoffset": 18,
            "xadvance": 16,
            "chnl": 15,
            "x": 535,
            "y": 555,
            "page": 0
        },
        {
            "id": 957,
            "index": 542,
            "char": "ν",
            "width": 39,
            "height": 41,
            "xoffset": -12,
            "yoffset": 18,
            "xadvance": 16,
            "chnl": 15,
            "x": 546,
            "y": 506,
            "page": 0
        },
        {
            "id": 959,
            "index": 544,
            "char": "ο",
            "width": 40,
            "height": 41,
            "xoffset": -11,
            "yoffset": 18,
            "xadvance": 18,
            "chnl": 15,
            "x": 567,
            "y": 447,
            "page": 0
        },
        {
            "id": 964,
            "index": 306,
            "char": "τ",
            "width": 35,
            "height": 41,
            "xoffset": -11,
            "yoffset": 18,
            "xadvance": 13,
            "chnl": 15,
            "x": 570,
            "y": 396,
            "page": 0
        },
        {
            "id": 965,
            "index": 547,
            "char": "υ",
            "width": 37,
            "height": 41,
            "xoffset": -10,
            "yoffset": 18,
            "xadvance": 18,
            "chnl": 15,
            "x": 585,
            "y": 348,
            "page": 0
        },
        {
            "id": 58,
            "index": 29,
            "char": ":",
            "width": 27,
            "height": 41,
            "xoffset": -9,
            "yoffset": 18,
            "xadvance": 9,
            "chnl": 15,
            "x": 613,
            "y": 300,
            "page": 0
        },
        {
            "id": 60,
            "index": 31,
            "char": "<",
            "width": 39,
            "height": 40,
            "xoffset": -10,
            "yoffset": 16,
            "xadvance": 19,
            "chnl": 15,
            "x": 606,
            "y": 390,
            "page": 0
        },
        {
            "id": 62,
            "index": 33,
            "char": ">",
            "width": 39,
            "height": 40,
            "xoffset": -10,
            "yoffset": 16,
            "xadvance": 19,
            "chnl": 15,
            "x": 623,
            "y": 342,
            "page": 0
        },
        {
            "id": 43,
            "index": 14,
            "char": "+",
            "width": 39,
            "height": 39,
            "xoffset": -10,
            "yoffset": 16,
            "xadvance": 19,
            "chnl": 15,
            "x": 595,
            "y": 88,
            "page": 0
        },
        {
            "id": 247,
            "index": 183,
            "char": "÷",
            "width": 39,
            "height": 37,
            "xoffset": -11,
            "yoffset": 17,
            "xadvance": 18,
            "chnl": 15,
            "x": 595,
            "y": 128,
            "page": 0
        },
        {
            "id": 61,
            "index": 32,
            "char": "=",
            "width": 39,
            "height": 34,
            "xoffset": -10,
            "yoffset": 19,
            "xadvance": 19,
            "chnl": 15,
            "x": 86,
            "y": 990,
            "page": 0
        },
        {
            "id": 215,
            "index": 238,
            "char": "×",
            "width": 38,
            "height": 38,
            "xoffset": -9,
            "yoffset": 17,
            "xadvance": 19,
            "chnl": 15,
            "x": 614,
            "y": 42,
            "page": 0
        },
        {
            "id": 42,
            "index": 13,
            "char": "*",
            "width": 34,
            "height": 34,
            "xoffset": -11,
            "yoffset": 12,
            "xadvance": 12,
            "chnl": 15,
            "x": 126,
            "y": 990,
            "page": 0
        },
        {
            "id": 45,
            "index": 16,
            "char": "-",
            "width": 33,
            "height": 27,
            "xoffset": -11,
            "yoffset": 25,
            "xadvance": 11,
            "chnl": 15,
            "x": 459,
            "y": 701,
            "page": 0
        },
        {
            "id": 8216,
            "index": 181,
            "char": "‘",
            "width": 27,
            "height": 32,
            "xoffset": -10,
            "yoffset": 12,
            "xadvance": 7,
            "chnl": 15,
            "x": 0,
            "y": 991,
            "page": 0
        },
        {
            "id": 8217,
            "index": 182,
            "char": "’",
            "width": 27,
            "height": 32,
            "xoffset": -10,
            "yoffset": 12,
            "xadvance": 7,
            "chnl": 15,
            "x": 28,
            "y": 991,
            "page": 0
        },
        {
            "id": 8220,
            "index": 179,
            "char": "“",
            "width": 32,
            "height": 32,
            "xoffset": -11,
            "yoffset": 12,
            "xadvance": 11,
            "chnl": 15,
            "x": 161,
            "y": 989,
            "page": 0
        },
        {
            "id": 8221,
            "index": 180,
            "char": "”",
            "width": 32,
            "height": 32,
            "xoffset": -11,
            "yoffset": 12,
            "xadvance": 11,
            "chnl": 15,
            "x": 493,
            "y": 743,
            "page": 0
        },
        {
            "id": 44,
            "index": 15,
            "char": ",",
            "width": 27,
            "height": 32,
            "xoffset": -9,
            "yoffset": 32,
            "xadvance": 9,
            "chnl": 15,
            "x": 56,
            "y": 991,
            "page": 0
        },
        {
            "id": 46,
            "index": 17,
            "char": ".",
            "width": 27,
            "height": 27,
            "xoffset": -9,
            "yoffset": 32,
            "xadvance": 9,
            "chnl": 15,
            "x": 615,
            "y": 0,
            "page": 0
        },
        {
            "id": 32,
            "index": 3,
            "char": " ",
            "width": 0,
            "height": 0,
            "xoffset": -12,
            "yoffset": 35,
            "xadvance": 9,
            "chnl": 15,
            "x": 38,
            "y": 322,
            "page": 0
        }
    ],
    "info": {
        "face": "arial",
        "size": 32,
        "bold": 0,
        "italic": 0,
        "charset": [
            " ",
            "A",
            "B",
            "C",
            "Č",
            "Ć",
            "D",
            "Đ",
            "E",
            "F",
            "G",
            "H",
            "I",
            "J",
            "K",
            "L",
            "M",
            "N",
            "O",
            "P",
            "Q",
            "R",
            "S",
            "Š",
            "T",
            "U",
            "V",
            "W",
            "X",
            "Y",
            "Z",
            "Ž",
            "a",
            "b",
            "c",
            "č",
            "ć",
            "d",
            "đ",
            "e",
            "f",
            "g",
            "h",
            "i",
            "j",
            "k",
            "l",
            "m",
            "n",
            "o",
            "p",
            "q",
            "r",
            "s",
            "š",
            "t",
            "u",
            "v",
            "w",
            "x",
            "y",
            "z",
            "ž",
            "А",
            "Б",
            "В",
            "Г",
            "Ґ",
            "Д",
            "Ђ",
            "Е",
            "Ё",
            "Є",
            "Ж",
            "З",
            "Ѕ",
            "И",
            "І",
            "Ї",
            "Й",
            "Ј",
            "К",
            "Л",
            "Љ",
            "М",
            "Н",
            "Њ",
            "О",
            "П",
            "Р",
            "С",
            "Т",
            "Ћ",
            "У",
            "Ў",
            "Ф",
            "Х",
            "Ц",
            "Ч",
            "Џ",
            "Ш",
            "Щ",
            "Ъ",
            "Ы",
            "Ь",
            "Э",
            "Ю",
            "Я",
            "а",
            "б",
            "в",
            "г",
            "ґ",
            "д",
            "ђ",
            "е",
            "ё",
            "є",
            "ж",
            "з",
            "ѕ",
            "и",
            "і",
            "ї",
            "й",
            "ј",
            "к",
            "л",
            "љ",
            "м",
            "н",
            "њ",
            "о",
            "п",
            "р",
            "с",
            "т",
            "ћ",
            "у",
            "ў",
            "ф",
            "х",
            "ц",
            "ч",
            "џ",
            "ш",
            "щ",
            "ъ",
            "ы",
            "ь",
            "э",
            "ю",
            "я",
            "Α",
            "Β",
            "Γ",
            "Δ",
            "Ε",
            "Ζ",
            "Η",
            "Θ",
            "Ι",
            "Κ",
            "Λ",
            "Μ",
            "Ν",
            "Ξ",
            "Ο",
            "Π",
            "Ρ",
            "Σ",
            "Τ",
            "Υ",
            "Φ",
            "Χ",
            "Ψ",
            "Ω",
            "α",
            "β",
            "γ",
            "δ",
            "ε",
            "ζ",
            "η",
            "θ",
            "ι",
            "κ",
            "λ",
            "μ",
            "ν",
            "ξ",
            "ο",
            "π",
            "ρ",
            "σ",
            "τ",
            "υ",
            "φ",
            "χ",
            "ψ",
            "ω",
            "ά",
            "Ά",
            "έ",
            "Έ",
            "Ή",
            "ί",
            "ϊ",
            "ΐ",
            "Ί",
            "ό",
            "Ό",
            "ύ",
            "ΰ",
            "ϋ",
            "Ύ",
            "Ϋ",
            "Ώ",
            "Ă",
            "Â",
            "Ê",
            "Ô",
            "Ơ",
            "Ư",
            "ă",
            "â",
            "ê",
            "ô",
            "ơ",
            "ư",
            "1",
            "2",
            "3",
            "4",
            "5",
            "6",
            "7",
            "8",
            "9",
            "0",
            "‘",
            "?",
            "’",
            "“",
            "!",
            "”",
            "(",
            "%",
            ")",
            "[",
            "#",
            "]",
            "{",
            "@",
            "}",
            "/",
            "&",
            "\\",
            "<",
            "-",
            "+",
            "÷",
            "×",
            "=",
            ">",
            "®",
            "©",
            "$",
            "€",
            "£",
            "¥",
            "¢",
            ":",
            ";",
            ",",
            ".",
            "*",
            "Ä",
            "ä",
            "Ö",
            "ö",
            "Ü",
            "ü",
            "ẞ",
            "ß"
        ],
        "unicode": 1,
        "stretchH": 100,
        "smooth": 1,
        "aa": 1,
        "padding": [
            12,
            12,
            12,
            12
        ],
        "spacing": [
            0,
            0
        ]
    },
    "common": {
        "lineHeight": 35,
        "base": 35,
        "scaleW": 1024,
        "scaleH": 1024,
        "pages": 1,
        "packed": 0,
        "alphaChnl": 0,
        "redChnl": 0,
        "greenChnl": 0,
        "blueChnl": 0
    },
    "distanceField": {
        "fieldType": "msdf",
        "distanceRange": 24
    },
    "kernings": []
}