{
    "pages": [
        "NotoSansArabic-Regular.ttf.png"
    ],
    "chars": [
        {
            "id": 65209,
            "index": 1024,
            "char": "ﺹ",
            "width": 66,
            "height": 39,
            "xoffset": -6,
            "yoffset": 49,
            "xadvance": 55,
            "chnl": 15,
            "x": 0,
            "y": 0,
            "page": 0
        },
        {
            "id": 65213,
            "index": 178,
            "char": "ﺽ",
            "width": 66,
            "height": 48,
            "xoffset": -6,
            "yoffset": 41,
            "xadvance": 55,
            "chnl": 15,
            "x": 67,
            "y": 0,
            "page": 0
        },
        {
            "id": 1693,
            "index": 1035,
            "char": "ڝ",
            "width": 66,
            "height": 39,
            "xoffset": -6,
            "yoffset": 49,
            "xadvance": 55,
            "chnl": 15,
            "x": 0,
            "y": 40,
            "page": 0
        },
        {
            "id": 1694,
            "index": 1027,
            "char": "ڞ",
            "width": 66,
            "height": 53,
            "xoffset": -6,
            "yoffset": 36,
            "xadvance": 55,
            "chnl": 15,
            "x": 134,
            "y": 0,
            "page": 0
        },
        {
            "id": 1720,
            "index": 687,
            "char": "ڸ",
            "width": 39,
            "height": 66,
            "xoffset": -6,
            "yoffset": 35,
            "xadvance": 29,
            "chnl": 15,
            "x": 67,
            "y": 49,
            "page": 0
        },
        {
            "id": 1787,
            "index": 180,
            "char": "ۻ",
            "width": 66,
            "height": 48,
            "xoffset": -6,
            "yoffset": 41,
            "xadvance": 55,
            "chnl": 15,
            "x": 0,
            "y": 80,
            "page": 0
        },
        {
            "id": 1696,
            "index": 12,
            "char": "ڠ",
            "width": 38,
            "height": 65,
            "xoffset": -7,
            "yoffset": 31,
            "xadvance": 21,
            "chnl": 15,
            "x": 201,
            "y": 0,
            "page": 0
        },
        {
            "id": 1665,
            "index": 421,
            "char": "ځ",
            "width": 39,
            "height": 63,
            "xoffset": -7,
            "yoffset": 33,
            "xadvance": 27,
            "chnl": 15,
            "x": 107,
            "y": 54,
            "page": 0
        },
        {
            "id": 1715,
            "index": 405,
            "char": "ڳ",
            "width": 50,
            "height": 63,
            "xoffset": -6,
            "yoffset": 31,
            "xadvance": 37,
            "chnl": 15,
            "x": 147,
            "y": 54,
            "page": 0
        },
        {
            "id": 1666,
            "index": 449,
            "char": "ڂ",
            "width": 39,
            "height": 62,
            "xoffset": -7,
            "yoffset": 34,
            "xadvance": 27,
            "chnl": 15,
            "x": 67,
            "y": 116,
            "page": 0
        },
        {
            "id": 65201,
            "index": 1071,
            "char": "ﺱ",
            "width": 61,
            "height": 41,
            "xoffset": -6,
            "yoffset": 48,
            "xadvance": 51,
            "chnl": 15,
            "x": 0,
            "y": 129,
            "page": 0
        },
        {
            "id": 65205,
            "index": 1160,
            "char": "ﺵ",
            "width": 61,
            "height": 51,
            "xoffset": -6,
            "yoffset": 38,
            "xadvance": 51,
            "chnl": 15,
            "x": 0,
            "y": 171,
            "page": 0
        },
        {
            "id": 1669,
            "index": 437,
            "char": "څ",
            "width": 39,
            "height": 61,
            "xoffset": -7,
            "yoffset": 34,
            "xadvance": 27,
            "chnl": 15,
            "x": 0,
            "y": 223,
            "page": 0
        },
        {
            "id": 1690,
            "index": 1073,
            "char": "ښ",
            "width": 61,
            "height": 46,
            "xoffset": -6,
            "yoffset": 43,
            "xadvance": 51,
            "chnl": 15,
            "x": 0,
            "y": 285,
            "page": 0
        },
        {
            "id": 1691,
            "index": 1089,
            "char": "ڛ",
            "width": 61,
            "height": 44,
            "xoffset": -6,
            "yoffset": 48,
            "xadvance": 51,
            "chnl": 15,
            "x": 40,
            "y": 223,
            "page": 0
        },
        {
            "id": 1692,
            "index": 1093,
            "char": "ڜ",
            "width": 61,
            "height": 54,
            "xoffset": -6,
            "yoffset": 38,
            "xadvance": 51,
            "chnl": 15,
            "x": 0,
            "y": 332,
            "page": 0
        },
        {
            "id": 1786,
            "index": 1162,
            "char": "ۺ",
            "width": 61,
            "height": 51,
            "xoffset": -6,
            "yoffset": 38,
            "xadvance": 51,
            "chnl": 15,
            "x": 0,
            "y": 387,
            "page": 0
        },
        {
            "id": 1536,
            "index": 890,
            "char": "؀",
            "width": 60,
            "height": 25,
            "xoffset": -5,
            "yoffset": 60,
            "xadvance": 48,
            "chnl": 15,
            "x": 62,
            "y": 179,
            "page": 0
        },
        {
            "id": 65229,
            "index": 388,
            "char": "ﻍ",
            "width": 38,
            "height": 60,
            "xoffset": -7,
            "yoffset": 36,
            "xadvance": 21,
            "chnl": 15,
            "x": 107,
            "y": 118,
            "page": 0
        },
        {
            "id": 1788,
            "index": 390,
            "char": "ۼ",
            "width": 38,
            "height": 60,
            "xoffset": -7,
            "yoffset": 36,
            "xadvance": 21,
            "chnl": 15,
            "x": 0,
            "y": 439,
            "page": 0
        },
        {
            "id": 1675,
            "index": 217,
            "char": "ڋ",
            "width": 31,
            "height": 58,
            "xoffset": -6,
            "yoffset": 29,
            "xadvance": 20,
            "chnl": 15,
            "x": 0,
            "y": 500,
            "page": 0
        },
        {
            "id": 65159,
            "index": 55,
            "char": "ﺇ",
            "width": 22,
            "height": 57,
            "xoffset": -5,
            "yoffset": 35,
            "xadvance": 10,
            "chnl": 15,
            "x": 0,
            "y": 559,
            "page": 0
        },
        {
            "id": 65189,
            "index": 642,
            "char": "ﺥ",
            "width": 39,
            "height": 57,
            "xoffset": -7,
            "yoffset": 39,
            "xadvance": 27,
            "chnl": 15,
            "x": 0,
            "y": 617,
            "page": 0
        },
        {
            "id": 1596,
            "index": 626,
            "char": "ؼ",
            "width": 50,
            "height": 57,
            "xoffset": -6,
            "yoffset": 35,
            "xadvance": 37,
            "chnl": 15,
            "x": 23,
            "y": 559,
            "page": 0
        },
        {
            "id": 1656,
            "index": 517,
            "char": "ٸ",
            "width": 49,
            "height": 57,
            "xoffset": -6,
            "yoffset": 32,
            "xadvance": 36,
            "chnl": 15,
            "x": 32,
            "y": 500,
            "page": 0
        },
        {
            "id": 1710,
            "index": 565,
            "char": "ڮ",
            "width": 47,
            "height": 57,
            "xoffset": -6,
            "yoffset": 35,
            "xadvance": 37,
            "chnl": 15,
            "x": 39,
            "y": 439,
            "page": 0
        },
        {
            "id": 1714,
            "index": 375,
            "char": "ڲ",
            "width": 50,
            "height": 57,
            "xoffset": -6,
            "yoffset": 31,
            "xadvance": 37,
            "chnl": 15,
            "x": 62,
            "y": 268,
            "page": 0
        },
        {
            "id": 1717,
            "index": 693,
            "char": "ڵ",
            "width": 39,
            "height": 57,
            "xoffset": -6,
            "yoffset": 32,
            "xadvance": 29,
            "chnl": 15,
            "x": 102,
            "y": 205,
            "page": 0
        },
        {
            "id": 1727,
            "index": 1246,
            "char": "ڿ",
            "width": 40,
            "height": 57,
            "xoffset": -7,
            "yoffset": 39,
            "xadvance": 28,
            "chnl": 15,
            "x": 62,
            "y": 326,
            "page": 0
        },
        {
            "id": 1651,
            "index": 85,
            "char": "ٳ",
            "width": 27,
            "height": 56,
            "xoffset": -10,
            "yoffset": 35,
            "xadvance": 10,
            "chnl": 15,
            "x": 0,
            "y": 675,
            "page": 0
        },
        {
            "id": 1716,
            "index": 371,
            "char": "ڴ",
            "width": 50,
            "height": 56,
            "xoffset": -6,
            "yoffset": 24,
            "xadvance": 37,
            "chnl": 15,
            "x": 0,
            "y": 732,
            "page": 0
        },
        {
            "id": 1719,
            "index": 681,
            "char": "ڷ",
            "width": 39,
            "height": 56,
            "xoffset": -6,
            "yoffset": 33,
            "xadvance": 29,
            "chnl": 15,
            "x": 28,
            "y": 675,
            "page": 0
        },
        {
            "id": 1681,
            "index": 1018,
            "char": "ڑ",
            "width": 29,
            "height": 55,
            "xoffset": -8,
            "yoffset": 34,
            "xadvance": 15,
            "chnl": 15,
            "x": 40,
            "y": 617,
            "page": 0
        },
        {
            "id": 1744,
            "index": 278,
            "char": "ې",
            "width": 44,
            "height": 55,
            "xoffset": -6,
            "yoffset": 47,
            "xadvance": 32,
            "chnl": 15,
            "x": 0,
            "y": 789,
            "page": 0
        },
        {
            "id": 65245,
            "index": 664,
            "char": "ﻝ",
            "width": 39,
            "height": 54,
            "xoffset": -6,
            "yoffset": 35,
            "xadvance": 29,
            "chnl": 15,
            "x": 62,
            "y": 384,
            "page": 0
        },
        {
            "id": 1650,
            "index": 83,
            "char": "ٲ",
            "width": 27,
            "height": 54,
            "xoffset": -10,
            "yoffset": 25,
            "xadvance": 10,
            "chnl": 15,
            "x": 0,
            "y": 845,
            "page": 0
        },
        {
            "id": 1718,
            "index": 671,
            "char": "ڶ",
            "width": 39,
            "height": 54,
            "xoffset": -6,
            "yoffset": 35,
            "xadvance": 29,
            "chnl": 15,
            "x": 0,
            "y": 900,
            "page": 0
        },
        {
            "id": 1745,
            "index": 1546,
            "char": "ۑ",
            "width": 44,
            "height": 54,
            "xoffset": -6,
            "yoffset": 47,
            "xadvance": 32,
            "chnl": 15,
            "x": 28,
            "y": 845,
            "page": 0
        },
        {
            "id": 1547,
            "index": 6,
            "char": "؋",
            "width": 31,
            "height": 53,
            "xoffset": -7,
            "yoffset": 35,
            "xadvance": 19,
            "chnl": 15,
            "x": 45,
            "y": 789,
            "page": 0
        },
        {
            "id": 65155,
            "index": 52,
            "char": "ﺃ",
            "width": 22,
            "height": 53,
            "xoffset": -7,
            "yoffset": 26,
            "xadvance": 10,
            "chnl": 15,
            "x": 51,
            "y": 732,
            "page": 0
        },
        {
            "id": 1649,
            "index": 80,
            "char": "ٱ",
            "width": 26,
            "height": 53,
            "xoffset": -9,
            "yoffset": 26,
            "xadvance": 10,
            "chnl": 15,
            "x": 68,
            "y": 673,
            "page": 0
        },
        {
            "id": 1682,
            "index": 1002,
            "char": "ڒ",
            "width": 28,
            "height": 53,
            "xoffset": -8,
            "yoffset": 36,
            "xadvance": 15,
            "chnl": 15,
            "x": 70,
            "y": 617,
            "page": 0
        },
        {
            "id": 1713,
            "index": 817,
            "char": "ڱ",
            "width": 50,
            "height": 53,
            "xoffset": -6,
            "yoffset": 27,
            "xadvance": 37,
            "chnl": 15,
            "x": 74,
            "y": 558,
            "page": 0
        },
        {
            "id": 1735,
            "index": 1376,
            "char": "ۇ",
            "width": 29,
            "height": 53,
            "xoffset": -5,
            "yoffset": 35,
            "xadvance": 19,
            "chnl": 15,
            "x": 82,
            "y": 497,
            "page": 0
        },
        {
            "id": 65157,
            "index": 1465,
            "char": "ﺅ",
            "width": 29,
            "height": 52,
            "xoffset": -5,
            "yoffset": 36,
            "xadvance": 19,
            "chnl": 15,
            "x": 87,
            "y": 439,
            "page": 0
        },
        {
            "id": 65167,
            "index": 102,
            "char": "ﺏ",
            "width": 52,
            "height": 40,
            "xoffset": -6,
            "yoffset": 48,
            "xadvance": 42,
            "chnl": 15,
            "x": 102,
            "y": 384,
            "page": 0
        },
        {
            "id": 65173,
            "index": 1258,
            "char": "ﺕ",
            "width": 52,
            "height": 36,
            "xoffset": -6,
            "yoffset": 44,
            "xadvance": 42,
            "chnl": 15,
            "x": 103,
            "y": 326,
            "page": 0
        },
        {
            "id": 65177,
            "index": 1325,
            "char": "ﺙ",
            "width": 52,
            "height": 41,
            "xoffset": -6,
            "yoffset": 39,
            "xadvance": 42,
            "chnl": 15,
            "x": 74,
            "y": 727,
            "page": 0
        },
        {
            "id": 65225,
            "index": 10,
            "char": "ﻉ",
            "width": 38,
            "height": 52,
            "xoffset": -7,
            "yoffset": 44,
            "xadvance": 21,
            "chnl": 15,
            "x": 95,
            "y": 671,
            "page": 0
        },
        {
            "id": 65233,
            "index": 304,
            "char": "ﻑ",
            "width": 52,
            "height": 44,
            "xoffset": -6,
            "yoffset": 35,
            "xadvance": 41,
            "chnl": 15,
            "x": 99,
            "y": 612,
            "page": 0
        },
        {
            "id": 1646,
            "index": 254,
            "char": "ٮ",
            "width": 52,
            "height": 32,
            "xoffset": -6,
            "yoffset": 48,
            "xadvance": 42,
            "chnl": 15,
            "x": 113,
            "y": 263,
            "page": 0
        },
        {
            "id": 1657,
            "index": 1359,
            "char": "ٹ",
            "width": 52,
            "height": 44,
            "xoffset": -6,
            "yoffset": 36,
            "xadvance": 42,
            "chnl": 15,
            "x": 112,
            "y": 492,
            "page": 0
        },
        {
            "id": 1658,
            "index": 1364,
            "char": "ٺ",
            "width": 52,
            "height": 41,
            "xoffset": -6,
            "yoffset": 39,
            "xadvance": 42,
            "chnl": 15,
            "x": 117,
            "y": 425,
            "page": 0
        },
        {
            "id": 1659,
            "index": 94,
            "char": "ٻ",
            "width": 52,
            "height": 45,
            "xoffset": -6,
            "yoffset": 48,
            "xadvance": 42,
            "chnl": 15,
            "x": 155,
            "y": 363,
            "page": 0
        },
        {
            "id": 1660,
            "index": 1265,
            "char": "ټ",
            "width": 52,
            "height": 41,
            "xoffset": -6,
            "yoffset": 44,
            "xadvance": 42,
            "chnl": 15,
            "x": 156,
            "y": 296,
            "page": 0
        },
        {
            "id": 1661,
            "index": 1269,
            "char": "ٽ",
            "width": 52,
            "height": 41,
            "xoffset": -6,
            "yoffset": 39,
            "xadvance": 42,
            "chnl": 15,
            "x": 0,
            "y": 955,
            "page": 0
        },
        {
            "id": 64342,
            "index": 912,
            "char": "ﭖ",
            "width": 52,
            "height": 45,
            "xoffset": -6,
            "yoffset": 48,
            "xadvance": 42,
            "chnl": 15,
            "x": 40,
            "y": 900,
            "page": 0
        },
        {
            "id": 1663,
            "index": 1312,
            "char": "ٿ",
            "width": 52,
            "height": 41,
            "xoffset": -6,
            "yoffset": 39,
            "xadvance": 42,
            "chnl": 15,
            "x": 73,
            "y": 843,
            "page": 0
        },
        {
            "id": 1664,
            "index": 159,
            "char": "ڀ",
            "width": 52,
            "height": 45,
            "xoffset": -6,
            "yoffset": 48,
            "xadvance": 42,
            "chnl": 15,
            "x": 77,
            "y": 769,
            "page": 0
        },
        {
            "id": 64394,
            "index": 551,
            "char": "ﮊ",
            "width": 28,
            "height": 52,
            "xoffset": -8,
            "yoffset": 37,
            "xadvance": 15,
            "chnl": 15,
            "x": 125,
            "y": 537,
            "page": 0
        },
        {
            "id": 1689,
            "index": 981,
            "char": "ڙ",
            "width": 28,
            "height": 52,
            "xoffset": -8,
            "yoffset": 37,
            "xadvance": 15,
            "chnl": 15,
            "x": 53,
            "y": 946,
            "page": 0
        },
        {
            "id": 1697,
            "index": 258,
            "char": "ڡ",
            "width": 52,
            "height": 36,
            "xoffset": -6,
            "yoffset": 44,
            "xadvance": 41,
            "chnl": 15,
            "x": 127,
            "y": 724,
            "page": 0
        },
        {
            "id": 1698,
            "index": 306,
            "char": "ڢ",
            "width": 52,
            "height": 44,
            "xoffset": -6,
            "yoffset": 44,
            "xadvance": 41,
            "chnl": 15,
            "x": 134,
            "y": 657,
            "page": 0
        },
        {
            "id": 1699,
            "index": 310,
            "char": "ڣ",
            "width": 52,
            "height": 52,
            "xoffset": -6,
            "yoffset": 35,
            "xadvance": 41,
            "chnl": 15,
            "x": 152,
            "y": 590,
            "page": 0
        },
        {
            "id": 1700,
            "index": 1447,
            "char": "ڤ",
            "width": 52,
            "height": 49,
            "xoffset": -6,
            "yoffset": 31,
            "xadvance": 41,
            "chnl": 15,
            "x": 154,
            "y": 537,
            "page": 0
        },
        {
            "id": 1701,
            "index": 318,
            "char": "ڥ",
            "width": 52,
            "height": 49,
            "xoffset": -6,
            "yoffset": 44,
            "xadvance": 41,
            "chnl": 15,
            "x": 165,
            "y": 467,
            "page": 0
        },
        {
            "id": 1702,
            "index": 929,
            "char": "ڦ",
            "width": 52,
            "height": 50,
            "xoffset": -6,
            "yoffset": 30,
            "xadvance": 41,
            "chnl": 15,
            "x": 170,
            "y": 409,
            "page": 0
        },
        {
            "id": 1704,
            "index": 950,
            "char": "ڨ",
            "width": 43,
            "height": 52,
            "xoffset": -6,
            "yoffset": 34,
            "xadvance": 33,
            "chnl": 15,
            "x": 208,
            "y": 338,
            "page": 0
        },
        {
            "id": 1706,
            "index": 598,
            "char": "ڪ",
            "width": 52,
            "height": 39,
            "xoffset": -5,
            "yoffset": 41,
            "xadvance": 43,
            "chnl": 15,
            "x": 82,
            "y": 946,
            "page": 0
        },
        {
            "id": 1721,
            "index": 831,
            "char": "ڹ",
            "width": 39,
            "height": 52,
            "xoffset": -6,
            "yoffset": 44,
            "xadvance": 29,
            "chnl": 15,
            "x": 93,
            "y": 885,
            "page": 0
        },
        {
            "id": 1723,
            "index": 1013,
            "char": "ڻ",
            "width": 39,
            "height": 52,
            "xoffset": -6,
            "yoffset": 36,
            "xadvance": 29,
            "chnl": 15,
            "x": 126,
            "y": 815,
            "page": 0
        },
        {
            "id": 1734,
            "index": 897,
            "char": "ۆ",
            "width": 29,
            "height": 52,
            "xoffset": -5,
            "yoffset": 37,
            "xadvance": 19,
            "chnl": 15,
            "x": 130,
            "y": 761,
            "page": 0
        },
        {
            "id": 1737,
            "index": 658,
            "char": "ۉ",
            "width": 29,
            "height": 52,
            "xoffset": -5,
            "yoffset": 37,
            "xadvance": 19,
            "chnl": 15,
            "x": 160,
            "y": 761,
            "page": 0
        },
        {
            "id": 1736,
            "index": 1614,
            "char": "ۈ",
            "width": 29,
            "height": 51,
            "xoffset": -5,
            "yoffset": 38,
            "xadvance": 19,
            "chnl": 15,
            "x": 180,
            "y": 702,
            "page": 0
        },
        {
            "id": 1739,
            "index": 1444,
            "char": "ۋ",
            "width": 29,
            "height": 51,
            "xoffset": -5,
            "yoffset": 38,
            "xadvance": 19,
            "chnl": 15,
            "x": 187,
            "y": 643,
            "page": 0
        },
        {
            "id": 1746,
            "index": 1599,
            "char": "ے",
            "width": 51,
            "height": 34,
            "xoffset": -6,
            "yoffset": 46,
            "xadvance": 40,
            "chnl": 15,
            "x": 82,
            "y": 986,
            "page": 0
        },
        {
            "id": 1747,
            "index": 1602,
            "char": "ۓ",
            "width": 51,
            "height": 47,
            "xoffset": -6,
            "yoffset": 33,
            "xadvance": 40,
            "chnl": 15,
            "x": 205,
            "y": 587,
            "page": 0
        },
        {
            "id": 1595,
            "index": 634,
            "char": "ػ",
            "width": 50,
            "height": 49,
            "xoffset": -6,
            "yoffset": 30,
            "xadvance": 37,
            "chnl": 15,
            "x": 207,
            "y": 517,
            "page": 0
        },
        {
            "id": 1654,
            "index": 515,
            "char": "ٶ",
            "width": 33,
            "height": 50,
            "xoffset": -5,
            "yoffset": 39,
            "xadvance": 19,
            "chnl": 15,
            "x": 218,
            "y": 460,
            "page": 0
        },
        {
            "id": 1655,
            "index": 1379,
            "char": "ٷ",
            "width": 35,
            "height": 50,
            "xoffset": -5,
            "yoffset": 38,
            "xadvance": 25,
            "chnl": 15,
            "x": 223,
            "y": 391,
            "page": 0
        },
        {
            "id": 1672,
            "index": 247,
            "char": "ڈ",
            "width": 31,
            "height": 50,
            "xoffset": -6,
            "yoffset": 29,
            "xadvance": 20,
            "chnl": 15,
            "x": 252,
            "y": 442,
            "page": 0
        },
        {
            "id": 64398,
            "index": 616,
            "char": "ﮎ",
            "width": 50,
            "height": 45,
            "xoffset": -6,
            "yoffset": 35,
            "xadvance": 37,
            "chnl": 15,
            "x": 133,
            "y": 868,
            "page": 0
        },
        {
            "id": 1707,
            "index": 561,
            "char": "ګ",
            "width": 50,
            "height": 45,
            "xoffset": -6,
            "yoffset": 35,
            "xadvance": 37,
            "chnl": 15,
            "x": 166,
            "y": 814,
            "page": 0
        },
        {
            "id": 1709,
            "index": 812,
            "char": "ڭ",
            "width": 47,
            "height": 50,
            "xoffset": -6,
            "yoffset": 30,
            "xadvance": 37,
            "chnl": 15,
            "x": 190,
            "y": 754,
            "page": 0
        },
        {
            "id": 64402,
            "index": 361,
            "char": "ﮒ",
            "width": 50,
            "height": 49,
            "xoffset": -6,
            "yoffset": 31,
            "xadvance": 37,
            "chnl": 15,
            "x": 210,
            "y": 695,
            "page": 0
        },
        {
            "id": 1712,
            "index": 367,
            "char": "ڰ",
            "width": 50,
            "height": 49,
            "xoffset": -6,
            "yoffset": 31,
            "xadvance": 37,
            "chnl": 15,
            "x": 217,
            "y": 635,
            "page": 0
        },
        {
            "id": 1724,
            "index": 835,
            "char": "ڼ",
            "width": 39,
            "height": 50,
            "xoffset": -6,
            "yoffset": 44,
            "xadvance": 29,
            "chnl": 15,
            "x": 257,
            "y": 567,
            "page": 0
        },
        {
            "id": 1741,
            "index": 1536,
            "char": "ۍ",
            "width": 50,
            "height": 42,
            "xoffset": -7,
            "yoffset": 45,
            "xadvance": 38,
            "chnl": 15,
            "x": 258,
            "y": 493,
            "page": 0
        },
        {
            "id": 65153,
            "index": 59,
            "char": "ﺁ",
            "width": 28,
            "height": 49,
            "xoffset": -9,
            "yoffset": 30,
            "xadvance": 10,
            "chnl": 15,
            "x": 142,
            "y": 179,
            "page": 0
        },
        {
            "id": 65265,
            "index": 1480,
            "char": "ﻱ",
            "width": 44,
            "height": 49,
            "xoffset": -6,
            "yoffset": 47,
            "xadvance": 32,
            "chnl": 15,
            "x": 146,
            "y": 118,
            "page": 0
        },
        {
            "id": 1725,
            "index": 843,
            "char": "ڽ",
            "width": 39,
            "height": 49,
            "xoffset": -6,
            "yoffset": 40,
            "xadvance": 29,
            "chnl": 15,
            "x": 166,
            "y": 229,
            "page": 0
        },
        {
            "id": 65181,
            "index": 528,
            "char": "ﺝ",
            "width": 39,
            "height": 48,
            "xoffset": -7,
            "yoffset": 48,
            "xadvance": 27,
            "chnl": 15,
            "x": 171,
            "y": 168,
            "page": 0
        },
        {
            "id": 65185,
            "index": 415,
            "char": "ﺡ",
            "width": 39,
            "height": 48,
            "xoffset": -7,
            "yoffset": 48,
            "xadvance": 27,
            "chnl": 15,
            "x": 191,
            "y": 118,
            "page": 0
        },
        {
            "id": 65237,
            "index": 941,
            "char": "ﻕ",
            "width": 43,
            "height": 48,
            "xoffset": -6,
            "yoffset": 39,
            "xadvance": 33,
            "chnl": 15,
            "x": 198,
            "y": 66,
            "page": 0
        },
        {
            "id": 1653,
            "index": 513,
            "char": "ٵ",
            "width": 28,
            "height": 48,
            "xoffset": -4,
            "yoffset": 31,
            "xadvance": 17,
            "chnl": 15,
            "x": 240,
            "y": 0,
            "page": 0
        },
        {
            "id": 1667,
            "index": 892,
            "char": "ڃ",
            "width": 40,
            "height": 48,
            "xoffset": -7,
            "yoffset": 48,
            "xadvance": 28,
            "chnl": 15,
            "x": 206,
            "y": 217,
            "page": 0
        },
        {
            "id": 1668,
            "index": 273,
            "char": "ڄ",
            "width": 39,
            "height": 48,
            "xoffset": -7,
            "yoffset": 48,
            "xadvance": 27,
            "chnl": 15,
            "x": 211,
            "y": 167,
            "page": 0
        },
        {
            "id": 64378,
            "index": 1244,
            "char": "ﭺ",
            "width": 40,
            "height": 48,
            "xoffset": -7,
            "yoffset": 48,
            "xadvance": 28,
            "chnl": 15,
            "x": 231,
            "y": 115,
            "page": 0
        },
        {
            "id": 1671,
            "index": 1250,
            "char": "ڇ",
            "width": 40,
            "height": 48,
            "xoffset": -7,
            "yoffset": 48,
            "xadvance": 28,
            "chnl": 15,
            "x": 242,
            "y": 49,
            "page": 0
        },
        {
            "id": 1703,
            "index": 943,
            "char": "ڧ",
            "width": 43,
            "height": 48,
            "xoffset": -6,
            "yoffset": 39,
            "xadvance": 33,
            "chnl": 15,
            "x": 269,
            "y": 0,
            "page": 0
        },
        {
            "id": 1728,
            "index": 488,
            "char": "ۀ",
            "width": 28,
            "height": 48,
            "xoffset": -6,
            "yoffset": 31,
            "xadvance": 17,
            "chnl": 15,
            "x": 209,
            "y": 266,
            "page": 0
        },
        {
            "id": 1730,
            "index": 508,
            "char": "ۂ",
            "width": 28,
            "height": 48,
            "xoffset": -6,
            "yoffset": 31,
            "xadvance": 17,
            "chnl": 15,
            "x": 238,
            "y": 266,
            "page": 0
        },
        {
            "id": 1568,
            "index": 1531,
            "char": "ؠ",
            "width": 44,
            "height": 47,
            "xoffset": -6,
            "yoffset": 47,
            "xadvance": 32,
            "chnl": 15,
            "x": 247,
            "y": 216,
            "page": 0
        },
        {
            "id": 65199,
            "index": 1627,
            "char": "ﺯ",
            "width": 28,
            "height": 47,
            "xoffset": -8,
            "yoffset": 42,
            "xadvance": 15,
            "chnl": 15,
            "x": 251,
            "y": 164,
            "page": 0
        },
        {
            "id": 65241,
            "index": 555,
            "char": "ﻙ",
            "width": 47,
            "height": 45,
            "xoffset": -6,
            "yoffset": 35,
            "xadvance": 37,
            "chnl": 15,
            "x": 272,
            "y": 98,
            "page": 0
        },
        {
            "id": 65249,
            "index": 767,
            "char": "ﻡ",
            "width": 32,
            "height": 47,
            "xoffset": -6,
            "yoffset": 49,
            "xadvance": 20,
            "chnl": 15,
            "x": 283,
            "y": 49,
            "page": 0
        },
        {
            "id": 1678,
            "index": 270,
            "char": "ڎ",
            "width": 31,
            "height": 47,
            "xoffset": -6,
            "yoffset": 33,
            "xadvance": 20,
            "chnl": 15,
            "x": 313,
            "y": 0,
            "page": 0
        },
        {
            "id": 1679,
            "index": 225,
            "char": "ڏ",
            "width": 31,
            "height": 47,
            "xoffset": -6,
            "yoffset": 33,
            "xadvance": 20,
            "chnl": 15,
            "x": 316,
            "y": 48,
            "page": 0
        },
        {
            "id": 1680,
            "index": 219,
            "char": "ڐ",
            "width": 31,
            "height": 47,
            "xoffset": -6,
            "yoffset": 32,
            "xadvance": 20,
            "chnl": 15,
            "x": 345,
            "y": 0,
            "page": 0
        },
        {
            "id": 1687,
            "index": 992,
            "char": "ڗ",
            "width": 28,
            "height": 47,
            "xoffset": -8,
            "yoffset": 42,
            "xadvance": 15,
            "chnl": 15,
            "x": 280,
            "y": 144,
            "page": 0
        },
        {
            "id": 1708,
            "index": 557,
            "char": "ڬ",
            "width": 47,
            "height": 46,
            "xoffset": -6,
            "yoffset": 34,
            "xadvance": 37,
            "chnl": 15,
            "x": 252,
            "y": 315,
            "page": 0
        },
        {
            "id": 1774,
            "index": 228,
            "char": "ۮ",
            "width": 31,
            "height": 47,
            "xoffset": -6,
            "yoffset": 32,
            "xadvance": 20,
            "chnl": 15,
            "x": 267,
            "y": 264,
            "page": 0
        },
        {
            "id": 1790,
            "index": 1203,
            "char": "۾",
            "width": 32,
            "height": 47,
            "xoffset": -6,
            "yoffset": 49,
            "xadvance": 20,
            "chnl": 15,
            "x": 292,
            "y": 192,
            "page": 0
        },
        {
            "id": 1791,
            "index": 491,
            "char": "ۿ",
            "width": 40,
            "height": 47,
            "xoffset": -6,
            "yoffset": 32,
            "xadvance": 28,
            "chnl": 15,
            "x": 309,
            "y": 144,
            "page": 0
        },
        {
            "id": 1685,
            "index": 998,
            "char": "ڕ",
            "width": 28,
            "height": 46,
            "xoffset": -8,
            "yoffset": 51,
            "xadvance": 15,
            "chnl": 15,
            "x": 320,
            "y": 96,
            "page": 0
        },
        {
            "id": 1738,
            "index": 1472,
            "char": "ۊ",
            "width": 29,
            "height": 46,
            "xoffset": -5,
            "yoffset": 42,
            "xadvance": 19,
            "chnl": 15,
            "x": 348,
            "y": 48,
            "page": 0
        },
        {
            "id": 1743,
            "index": 1459,
            "char": "ۏ",
            "width": 29,
            "height": 46,
            "xoffset": -5,
            "yoffset": 42,
            "xadvance": 19,
            "chnl": 15,
            "x": 377,
            "y": 0,
            "page": 0
        },
        {
            "id": 1546,
            "index": 936,
            "char": "؊",
            "width": 45,
            "height": 44,
            "xoffset": -5,
            "yoffset": 36,
            "xadvance": 35,
            "chnl": 15,
            "x": 349,
            "y": 95,
            "page": 0
        },
        {
            "id": 1567,
            "index": 968,
            "char": "؟",
            "width": 31,
            "height": 45,
            "xoffset": -6,
            "yoffset": 35,
            "xadvance": 18,
            "chnl": 15,
            "x": 378,
            "y": 47,
            "page": 0
        },
        {
            "id": 65161,
            "index": 1494,
            "char": "ﺉ",
            "width": 44,
            "height": 45,
            "xoffset": -6,
            "yoffset": 44,
            "xadvance": 32,
            "chnl": 15,
            "x": 407,
            "y": 0,
            "page": 0
        },
        {
            "id": 65217,
            "index": 1215,
            "char": "ﻁ",
            "width": 44,
            "height": 45,
            "xoffset": -6,
            "yoffset": 35,
            "xadvance": 33,
            "chnl": 15,
            "x": 299,
            "y": 240,
            "page": 0
        },
        {
            "id": 65221,
            "index": 1620,
            "char": "ﻅ",
            "width": 44,
            "height": 45,
            "xoffset": -6,
            "yoffset": 35,
            "xadvance": 33,
            "chnl": 15,
            "x": 325,
            "y": 192,
            "page": 0
        },
        {
            "id": 65253,
            "index": 829,
            "char": "ﻥ",
            "width": 39,
            "height": 45,
            "xoffset": -6,
            "yoffset": 44,
            "xadvance": 29,
            "chnl": 15,
            "x": 350,
            "y": 140,
            "page": 0
        },
        {
            "id": 1684,
            "index": 977,
            "char": "ڔ",
            "width": 28,
            "height": 45,
            "xoffset": -8,
            "yoffset": 51,
            "xadvance": 15,
            "chnl": 15,
            "x": 259,
            "y": 362,
            "page": 0
        },
        {
            "id": 1686,
            "index": 979,
            "char": "ږ",
            "width": 28,
            "height": 45,
            "xoffset": -8,
            "yoffset": 51,
            "xadvance": 15,
            "chnl": 15,
            "x": 284,
            "y": 408,
            "page": 0
        },
        {
            "id": 1695,
            "index": 1217,
            "char": "ڟ",
            "width": 44,
            "height": 45,
            "xoffset": -6,
            "yoffset": 35,
            "xadvance": 33,
            "chnl": 15,
            "x": 288,
            "y": 362,
            "page": 0
        },
        {
            "id": 1545,
            "index": 937,
            "char": "؉",
            "width": 37,
            "height": 44,
            "xoffset": -5,
            "yoffset": 36,
            "xadvance": 27,
            "chnl": 15,
            "x": 300,
            "y": 286,
            "page": 0
        },
        {
            "id": 65165,
            "index": 47,
            "char": "ﺍ",
            "width": 18,
            "height": 44,
            "xoffset": -4,
            "yoffset": 35,
            "xadvance": 10,
            "chnl": 15,
            "x": 135,
            "y": 914,
            "page": 0
        },
        {
            "id": 65263,
            "index": 63,
            "char": "ﻯ",
            "width": 44,
            "height": 41,
            "xoffset": -6,
            "yoffset": 47,
            "xadvance": 32,
            "chnl": 15,
            "x": 135,
            "y": 959,
            "page": 0
        },
        {
            "id": 1642,
            "index": 934,
            "char": "٪",
            "width": 30,
            "height": 44,
            "xoffset": -5,
            "yoffset": 36,
            "xadvance": 20,
            "chnl": 15,
            "x": 154,
            "y": 914,
            "page": 0
        },
        {
            "id": 64508,
            "index": 1485,
            "char": "ﯼ",
            "width": 44,
            "height": 41,
            "xoffset": -6,
            "yoffset": 47,
            "xadvance": 32,
            "chnl": 15,
            "x": 184,
            "y": 860,
            "page": 0
        },
        {
            "id": 1742,
            "index": 1566,
            "char": "ێ",
            "width": 44,
            "height": 44,
            "xoffset": -6,
            "yoffset": 45,
            "xadvance": 32,
            "chnl": 15,
            "x": 217,
            "y": 805,
            "page": 0
        },
        {
            "id": 1633,
            "index": 901,
            "char": "١",
            "width": 21,
            "height": 43,
            "xoffset": -5,
            "yoffset": 36,
            "xadvance": 12,
            "chnl": 15,
            "x": 238,
            "y": 745,
            "page": 0
        },
        {
            "id": 1634,
            "index": 1370,
            "char": "٢",
            "width": 31,
            "height": 43,
            "xoffset": -5,
            "yoffset": 36,
            "xadvance": 20,
            "chnl": 15,
            "x": 260,
            "y": 745,
            "page": 0
        },
        {
            "id": 1635,
            "index": 1345,
            "char": "٣",
            "width": 35,
            "height": 43,
            "xoffset": -5,
            "yoffset": 36,
            "xadvance": 24,
            "chnl": 15,
            "x": 261,
            "y": 685,
            "page": 0
        },
        {
            "id": 1636,
            "index": 351,
            "char": "٤",
            "width": 31,
            "height": 43,
            "xoffset": -5,
            "yoffset": 36,
            "xadvance": 20,
            "chnl": 15,
            "x": 180,
            "y": 959,
            "page": 0
        },
        {
            "id": 1638,
            "index": 1205,
            "char": "٦",
            "width": 32,
            "height": 43,
            "xoffset": -6,
            "yoffset": 36,
            "xadvance": 21,
            "chnl": 15,
            "x": 185,
            "y": 902,
            "page": 0
        },
        {
            "id": 1639,
            "index": 1141,
            "char": "٧",
            "width": 37,
            "height": 43,
            "xoffset": -6,
            "yoffset": 36,
            "xadvance": 24,
            "chnl": 15,
            "x": 268,
            "y": 618,
            "page": 0
        },
        {
            "id": 1640,
            "index": 284,
            "char": "٨",
            "width": 37,
            "height": 43,
            "xoffset": -6,
            "yoffset": 37,
            "xadvance": 24,
            "chnl": 15,
            "x": 212,
            "y": 946,
            "page": 0
        },
        {
            "id": 1641,
            "index": 823,
            "char": "٩",
            "width": 31,
            "height": 43,
            "xoffset": -6,
            "yoffset": 36,
            "xadvance": 21,
            "chnl": 15,
            "x": 218,
            "y": 902,
            "page": 0
        },
        {
            "id": 1647,
            "index": 262,
            "char": "ٯ",
            "width": 43,
            "height": 39,
            "xoffset": -6,
            "yoffset": 48,
            "xadvance": 33,
            "chnl": 15,
            "x": 229,
            "y": 850,
            "page": 0
        },
        {
            "id": 1777,
            "index": 902,
            "char": "۱",
            "width": 21,
            "height": 43,
            "xoffset": -5,
            "yoffset": 36,
            "xadvance": 12,
            "chnl": 15,
            "x": 262,
            "y": 789,
            "page": 0
        },
        {
            "id": 1778,
            "index": 1371,
            "char": "۲",
            "width": 31,
            "height": 43,
            "xoffset": -5,
            "yoffset": 36,
            "xadvance": 20,
            "chnl": 15,
            "x": 297,
            "y": 536,
            "page": 0
        },
        {
            "id": 1779,
            "index": 1346,
            "char": "۳",
            "width": 35,
            "height": 43,
            "xoffset": -5,
            "yoffset": 36,
            "xadvance": 24,
            "chnl": 15,
            "x": 309,
            "y": 454,
            "page": 0
        },
        {
            "id": 1781,
            "index": 348,
            "char": "۵",
            "width": 31,
            "height": 43,
            "xoffset": -4,
            "yoffset": 36,
            "xadvance": 23,
            "chnl": 15,
            "x": 313,
            "y": 408,
            "page": 0
        },
        {
            "id": 1782,
            "index": 1206,
            "char": "۶",
            "width": 30,
            "height": 43,
            "xoffset": -6,
            "yoffset": 37,
            "xadvance": 18,
            "chnl": 15,
            "x": 333,
            "y": 331,
            "page": 0
        },
        {
            "id": 1783,
            "index": 1142,
            "char": "۷",
            "width": 37,
            "height": 43,
            "xoffset": -6,
            "yoffset": 36,
            "xadvance": 24,
            "chnl": 15,
            "x": 338,
            "y": 286,
            "page": 0
        },
        {
            "id": 1784,
            "index": 285,
            "char": "۸",
            "width": 37,
            "height": 43,
            "xoffset": -6,
            "yoffset": 37,
            "xadvance": 24,
            "chnl": 15,
            "x": 344,
            "y": 238,
            "page": 0
        },
        {
            "id": 1785,
            "index": 824,
            "char": "۹",
            "width": 31,
            "height": 43,
            "xoffset": -6,
            "yoffset": 36,
            "xadvance": 21,
            "chnl": 15,
            "x": 370,
            "y": 186,
            "page": 0
        },
        {
            "id": 65171,
            "index": 1262,
            "char": "ﺓ",
            "width": 28,
            "height": 42,
            "xoffset": -6,
            "yoffset": 37,
            "xadvance": 17,
            "chnl": 15,
            "x": 390,
            "y": 140,
            "page": 0
        },
        {
            "id": 65195,
            "index": 1319,
            "char": "ﺫ",
            "width": 31,
            "height": 42,
            "xoffset": -6,
            "yoffset": 37,
            "xadvance": 20,
            "chnl": 15,
            "x": 395,
            "y": 93,
            "page": 0
        },
        {
            "id": 1674,
            "index": 215,
            "char": "ڊ",
            "width": 31,
            "height": 42,
            "xoffset": -6,
            "yoffset": 45,
            "xadvance": 20,
            "chnl": 15,
            "x": 410,
            "y": 46,
            "page": 0
        },
        {
            "id": 1676,
            "index": 209,
            "char": "ڌ",
            "width": 31,
            "height": 42,
            "xoffset": -6,
            "yoffset": 37,
            "xadvance": 20,
            "chnl": 15,
            "x": 250,
            "y": 890,
            "page": 0
        },
        {
            "id": 1677,
            "index": 244,
            "char": "ڍ",
            "width": 31,
            "height": 42,
            "xoffset": -6,
            "yoffset": 45,
            "xadvance": 20,
            "chnl": 15,
            "x": 273,
            "y": 833,
            "page": 0
        },
        {
            "id": 1731,
            "index": 1263,
            "char": "ۃ",
            "width": 28,
            "height": 42,
            "xoffset": -6,
            "yoffset": 37,
            "xadvance": 17,
            "chnl": 15,
            "x": 284,
            "y": 789,
            "page": 0
        },
        {
            "id": 1780,
            "index": 352,
            "char": "۴",
            "width": 31,
            "height": 42,
            "xoffset": -5,
            "yoffset": 37,
            "xadvance": 21,
            "chnl": 15,
            "x": 292,
            "y": 729,
            "page": 0
        },
        {
            "id": 1726,
            "index": 483,
            "char": "ھ",
            "width": 40,
            "height": 35,
            "xoffset": -6,
            "yoffset": 44,
            "xadvance": 28,
            "chnl": 15,
            "x": 297,
            "y": 580,
            "page": 0
        },
        {
            "id": 1673,
            "index": 221,
            "char": "ډ",
            "width": 31,
            "height": 39,
            "xoffset": -6,
            "yoffset": 45,
            "xadvance": 20,
            "chnl": 15,
            "x": 297,
            "y": 662,
            "page": 0
        },
        {
            "id": 1722,
            "index": 886,
            "char": "ں",
            "width": 39,
            "height": 37,
            "xoffset": -6,
            "yoffset": 52,
            "xadvance": 29,
            "chnl": 15,
            "x": 309,
            "y": 498,
            "page": 0
        },
        {
            "id": 1789,
            "index": 1202,
            "char": "۽",
            "width": 29,
            "height": 39,
            "xoffset": -6,
            "yoffset": 50,
            "xadvance": 17,
            "chnl": 15,
            "x": 329,
            "y": 536,
            "page": 0
        },
        {
            "id": 65197,
            "index": 973,
            "char": "ﺭ",
            "width": 28,
            "height": 38,
            "xoffset": -8,
            "yoffset": 51,
            "xadvance": 15,
            "chnl": 15,
            "x": 306,
            "y": 616,
            "page": 0
        },
        {
            "id": 65261,
            "index": 1458,
            "char": "ﻭ",
            "width": 29,
            "height": 38,
            "xoffset": -5,
            "yoffset": 51,
            "xadvance": 19,
            "chnl": 15,
            "x": 250,
            "y": 933,
            "page": 0
        },
        {
            "id": 1683,
            "index": 988,
            "char": "ړ",
            "width": 29,
            "height": 38,
            "xoffset": -8,
            "yoffset": 51,
            "xadvance": 15,
            "chnl": 15,
            "x": 250,
            "y": 972,
            "page": 0
        },
        {
            "id": 1732,
            "index": 1474,
            "char": "ۄ",
            "width": 29,
            "height": 38,
            "xoffset": -5,
            "yoffset": 51,
            "xadvance": 19,
            "chnl": 15,
            "x": 280,
            "y": 933,
            "page": 0
        },
        {
            "id": 1733,
            "index": 655,
            "char": "ۅ",
            "width": 29,
            "height": 38,
            "xoffset": -5,
            "yoffset": 51,
            "xadvance": 19,
            "chnl": 15,
            "x": 280,
            "y": 972,
            "page": 0
        },
        {
            "id": 1563,
            "index": 1139,
            "char": "؛",
            "width": 21,
            "height": 36,
            "xoffset": -4,
            "yoffset": 44,
            "xadvance": 14,
            "chnl": 15,
            "x": 284,
            "y": 454,
            "page": 0
        },
        {
            "id": 1637,
            "index": 347,
            "char": "٥",
            "width": 31,
            "height": 36,
            "xoffset": -4,
            "yoffset": 43,
            "xadvance": 22,
            "chnl": 15,
            "x": 282,
            "y": 876,
            "page": 0
        },
        {
            "id": 65193,
            "index": 214,
            "char": "ﺩ",
            "width": 31,
            "height": 34,
            "xoffset": -6,
            "yoffset": 45,
            "xadvance": 20,
            "chnl": 15,
            "x": 212,
            "y": 990,
            "page": 0
        },
        {
            "id": 65257,
            "index": 479,
            "char": "ﻩ",
            "width": 28,
            "height": 34,
            "xoffset": -6,
            "yoffset": 45,
            "xadvance": 17,
            "chnl": 15,
            "x": 305,
            "y": 832,
            "page": 0
        },
        {
            "id": 1645,
            "index": 92,
            "char": "٭",
            "width": 34,
            "height": 33,
            "xoffset": -7,
            "yoffset": 46,
            "xadvance": 21,
            "chnl": 15,
            "x": 313,
            "y": 772,
            "page": 0
        },
        {
            "id": 1729,
            "index": 503,
            "char": "ہ",
            "width": 28,
            "height": 34,
            "xoffset": -6,
            "yoffset": 45,
            "xadvance": 17,
            "chnl": 15,
            "x": 324,
            "y": 702,
            "page": 0
        },
        {
            "id": 1749,
            "index": 4,
            "char": "ە",
            "width": 28,
            "height": 34,
            "xoffset": -6,
            "yoffset": 45,
            "xadvance": 17,
            "chnl": 15,
            "x": 324,
            "y": 737,
            "page": 0
        },
        {
            "id": 65152,
            "index": 466,
            "char": "ﺀ",
            "width": 29,
            "height": 31,
            "xoffset": -6,
            "yoffset": 50,
            "xadvance": 17,
            "chnl": 15,
            "x": 333,
            "y": 375,
            "page": 0
        },
        {
            "id": 1549,
            "index": 243,
            "char": "؍",
            "width": 25,
            "height": 29,
            "xoffset": -6,
            "yoffset": 58,
            "xadvance": 15,
            "chnl": 15,
            "x": 113,
            "y": 296,
            "page": 0
        },
        {
            "id": 1619,
            "index": 760,
            "char": "ٓ",
            "width": 28,
            "height": 18,
            "xoffset": -7,
            "yoffset": 35,
            "xadvance": 0,
            "chnl": 15,
            "x": 268,
            "y": 662,
            "page": 0
        },
        {
            "id": 1600,
            "index": 602,
            "char": "ـ",
            "width": 27,
            "height": 17,
            "xoffset": -7,
            "yoffset": 62,
            "xadvance": 11,
            "chnl": 15,
            "x": 62,
            "y": 205,
            "page": 0
        },
        {
            "id": 1612,
            "index": 240,
            "char": "ٌ",
            "width": 27,
            "height": 24,
            "xoffset": -7,
            "yoffset": 30,
            "xadvance": 0,
            "chnl": 15,
            "x": 117,
            "y": 467,
            "page": 0
        },
        {
            "id": 1631,
            "index": 1455,
            "char": "ٟ",
            "width": 27,
            "height": 24,
            "xoffset": -7,
            "yoffset": 68,
            "xadvance": 0,
            "chnl": 15,
            "x": 156,
            "y": 338,
            "page": 0
        },
        {
            "id": 1643,
            "index": 250,
            "char": "٫",
            "width": 21,
            "height": 26,
            "xoffset": -5,
            "yoffset": 59,
            "xadvance": 10,
            "chnl": 15,
            "x": 297,
            "y": 702,
            "page": 0
        },
        {
            "id": 1644,
            "index": 1343,
            "char": "٬",
            "width": 21,
            "height": 26,
            "xoffset": -5,
            "yoffset": 53,
            "xadvance": 10,
            "chnl": 15,
            "x": 0,
            "y": 997,
            "page": 0
        },
        {
            "id": 1617,
            "index": 1144,
            "char": "ّ",
            "width": 25,
            "height": 23,
            "xoffset": -6,
            "yoffset": 31,
            "xadvance": 0,
            "chnl": 15,
            "x": 134,
            "y": 1001,
            "page": 0
        },
        {
            "id": 1548,
            "index": 171,
            "char": "،",
            "width": 19,
            "height": 24,
            "xoffset": -3,
            "yoffset": 56,
            "xadvance": 14,
            "chnl": 15,
            "x": 145,
            "y": 467,
            "page": 0
        },
        {
            "id": 1557,
            "index": 1238,
            "char": "ؕ",
            "width": 24,
            "height": 24,
            "xoffset": -6,
            "yoffset": 30,
            "xadvance": 0,
            "chnl": 15,
            "x": 259,
            "y": 408,
            "page": 0
        },
        {
            "id": 1566,
            "index": 1347,
            "char": "؞",
            "width": 24,
            "height": 23,
            "xoffset": -6,
            "yoffset": 56,
            "xadvance": 12,
            "chnl": 15,
            "x": 313,
            "y": 806,
            "page": 0
        },
        {
            "id": 1611,
            "index": 296,
            "char": "ً",
            "width": 23,
            "height": 24,
            "xoffset": -5,
            "yoffset": 30,
            "xadvance": 0,
            "chnl": 15,
            "x": 142,
            "y": 229,
            "page": 0
        },
        {
            "id": 1613,
            "index": 610,
            "char": "ٍ",
            "width": 23,
            "height": 24,
            "xoffset": -5,
            "yoffset": 67,
            "xadvance": 0,
            "chnl": 15,
            "x": 184,
            "y": 338,
            "page": 0
        },
        {
            "id": 1615,
            "index": 232,
            "char": "ُ",
            "width": 24,
            "height": 24,
            "xoffset": -6,
            "yoffset": 30,
            "xadvance": 0,
            "chnl": 15,
            "x": 22,
            "y": 999,
            "page": 0
        },
        {
            "id": 1620,
            "index": 467,
            "char": "ٔ",
            "width": 22,
            "height": 24,
            "xoffset": -6,
            "yoffset": 31,
            "xadvance": 0,
            "chnl": 15,
            "x": 47,
            "y": 999,
            "page": 0
        },
        {
            "id": 1621,
            "index": 473,
            "char": "ٕ",
            "width": 22,
            "height": 24,
            "xoffset": -6,
            "yoffset": 68,
            "xadvance": 0,
            "chnl": 15,
            "x": 77,
            "y": 815,
            "page": 0
        },
        {
            "id": 1626,
            "index": 1443,
            "char": "ٚ",
            "width": 24,
            "height": 22,
            "xoffset": -7,
            "yoffset": 33,
            "xadvance": 0,
            "chnl": 15,
            "x": 209,
            "y": 315,
            "page": 0
        },
        {
            "id": 1627,
            "index": 1453,
            "char": "ٛ",
            "width": 24,
            "height": 22,
            "xoffset": -7,
            "yoffset": 33,
            "xadvance": 0,
            "chnl": 15,
            "x": 100,
            "y": 815,
            "page": 0
        },
        {
            "id": 1629,
            "index": 238,
            "char": "ٝ",
            "width": 24,
            "height": 24,
            "xoffset": -4,
            "yoffset": 31,
            "xadvance": 0,
            "chnl": 15,
            "x": 258,
            "y": 536,
            "page": 0
        },
        {
            "id": 1652,
            "index": 512,
            "char": "ٴ",
            "width": 22,
            "height": 24,
            "xoffset": -7,
            "yoffset": 31,
            "xadvance": 8,
            "chnl": 15,
            "x": 300,
            "y": 331,
            "page": 0
        },
        {
            "id": 1748,
            "index": 357,
            "char": "۔",
            "width": 24,
            "height": 17,
            "xoffset": -5,
            "yoffset": 62,
            "xadvance": 13,
            "chnl": 15,
            "x": 223,
            "y": 442,
            "page": 0
        },
        {
            "id": 1614,
            "index": 288,
            "char": "َ",
            "width": 23,
            "height": 19,
            "xoffset": -5,
            "yoffset": 35,
            "xadvance": 0,
            "chnl": 15,
            "x": 165,
            "y": 517,
            "page": 0
        },
        {
            "id": 1616,
            "index": 604,
            "char": "ِ",
            "width": 23,
            "height": 19,
            "xoffset": -5,
            "yoffset": 67,
            "xadvance": 0,
            "chnl": 15,
            "x": 207,
            "y": 567,
            "page": 0
        },
        {
            "id": 1618,
            "index": 1207,
            "char": "ْ",
            "width": 21,
            "height": 22,
            "xoffset": -6,
            "yoffset": 31,
            "xadvance": 0,
            "chnl": 15,
            "x": 329,
            "y": 655,
            "page": 0
        },
        {
            "id": 1624,
            "index": 889,
            "char": "٘",
            "width": 22,
            "height": 20,
            "xoffset": -7,
            "yoffset": 34,
            "xadvance": 0,
            "chnl": 15,
            "x": 103,
            "y": 363,
            "page": 0
        },
        {
            "id": 1622,
            "index": 88,
            "char": "ٖ",
            "width": 17,
            "height": 21,
            "xoffset": -5,
            "yoffset": 67,
            "xadvance": 0,
            "chnl": 15,
            "x": 125,
            "y": 590,
            "page": 0
        },
        {
            "id": 1632,
            "index": 1632,
            "char": "٠",
            "width": 21,
            "height": 21,
            "xoffset": -4,
            "yoffset": 49,
            "xadvance": 12,
            "chnl": 15,
            "x": 134,
            "y": 702,
            "page": 0
        },
        {
            "id": 1648,
            "index": 87,
            "char": "ٰ",
            "width": 17,
            "height": 21,
            "xoffset": -5,
            "yoffset": 32,
            "xadvance": 0,
            "chnl": 15,
            "x": 160,
            "y": 1003,
            "page": 0
        },
        {
            "id": 1776,
            "index": 1633,
            "char": "۰",
            "width": 21,
            "height": 21,
            "xoffset": -4,
            "yoffset": 49,
            "xadvance": 12,
            "chnl": 15,
            "x": 156,
            "y": 702,
            "page": 0
        }
    ],
    "info": {
        "face": "NotoSansArabic-Regular",
        "size": 42,
        "bold": 0,
        "italic": 0,
        "charset": [
            "؀",
            "؉",
            "؊",
            "؋",
            "،",
            "؍",
            "ؕ",
            "؛",
            "؞",
            "؟",
            "ؠ",
            "ﺀ",
            "ﺁ",
            "ﺃ",
            "ﺅ",
            "ﺇ",
            "ﺉ",
            "ﺍ",
            "ﺏ",
            "ﺓ",
            "ﺕ",
            "ﺙ",
            "ﺝ",
            "ﺡ",
            "ﺥ",
            "ﺩ",
            "ﺫ",
            "ﺭ",
            "ﺯ",
            "ﺱ",
            "ﺵ",
            "ﺹ",
            "ﺽ",
            "ﻁ",
            "ﻅ",
            "ﻉ",
            "ﻍ",
            "ػ",
            "ؼ",
            "ـ",
            "ﻑ",
            "ﻕ",
            "ﻙ",
            "ﻝ",
            "ﻡ",
            "ﻥ",
            "ﻩ",
            "ﻭ",
            "ﻯ",
            "ﻱ",
            "ً",
            "ٌ",
            "ٍ",
            "َ",
            "ُ",
            "ِ",
            "ّ",
            "ْ",
            "ٓ",
            "ٔ",
            "ٕ",
            "ٖ",
            "٘",
            "ٚ",
            "ٛ",
            "ٝ",
            "ٟ",
            "٠",
            "١",
            "٢",
            "٣",
            "٤",
            "٥",
            "٦",
            "٧",
            "٨",
            "٩",
            "٪",
            "٫",
            "٬",
            "٭",
            "ٮ",
            "ٯ",
            "ٰ",
            "ٱ",
            "ٲ",
            "ٳ",
            "ٴ",
            "ٵ",
            "ٶ",
            "ٷ",
            "ٸ",
            "ٹ",
            "ٺ",
            "ٻ",
            "ټ",
            "ٽ",
            "ﭖ",
            "ٿ",
            "ڀ",
            "ځ",
            "ڂ",
            "ڃ",
            "ڄ",
            "څ",
            "ﭺ",
            "ڇ",
            "ڈ",
            "ډ",
            "ڊ",
            "ڋ",
            "ڌ",
            "ڍ",
            "ڎ",
            "ڏ",
            "ڐ",
            "ڑ",
            "ڒ",
            "ړ",
            "ڔ",
            "ڕ",
            "ږ",
            "ڗ",
            "ﮊ",
            "ڙ",
            "ښ",
            "ڛ",
            "ڜ",
            "ڝ",
            "ڞ",
            "ڟ",
            "ڠ",
            "ڡ",
            "ڢ",
            "ڣ",
            "ڤ",
            "ڥ",
            "ڦ",
            "ڧ",
            "ڨ",
            "ﮎ",
            "ڪ",
            "ګ",
            "ڬ",
            "ڭ",
            "ڮ",
            "ﮒ",
            "ڰ",
            "ڱ",
            "ڲ",
            "ڳ",
            "ڴ",
            "ڵ",
            "ڶ",
            "ڷ",
            "ڸ",
            "ڹ",
            "ں",
            "ڻ",
            "ڼ",
            "ڽ",
            "ھ",
            "ڿ",
            "ۀ",
            "ہ",
            "ۂ",
            "ۃ",
            "ۄ",
            "ۅ",
            "ۆ",
            "ۇ",
            "ۈ",
            "ۉ",
            "ۊ",
            "ۋ",
            "ﯼ",
            "ۍ",
            "ێ",
            "ۏ",
            "ې",
            "ۑ",
            "ے",
            "ۓ",
            "۔",
            "ە",
            "ۮ",
            "۰",
            "۱",
            "۲",
            "۳",
            "۴",
            "۵",
            "۶",
            "۷",
            "۸",
            "۹",
            "ۺ",
            "ۻ",
            "ۼ",
            "۽",
            "۾",
            "ۿ"
        ],
        "unicode": 1,
        "stretchH": 100,
        "smooth": 1,
        "aa": 1,
        "padding": [
            7,
            7,
            7,
            7
        ],
        "spacing": [
            0,
            0
        ]
    },
    "common": {
        "lineHeight": 89,
        "base": 65,
        "scaleW": 1024,
        "scaleH": 1024,
        "pages": 1,
        "packed": 0,
        "alphaChnl": 0,
        "redChnl": 0,
        "greenChnl": 0,
        "blueChnl": 0
    },
    "distanceField": {
        "fieldType": "msdf",
        "distanceRange": 14
    },
    "kernings": [
        {
            "first": 1632,
            "second": 1638,
            "amount": -3
        },
        {
            "first": 1632,
            "second": 1639,
            "amount": -1
        },
        {
            "first": 1632,
            "second": 1640,
            "amount": -1
        },
        {
            "first": 1633,
            "second": 1638,
            "amount": -1
        },
        {
            "first": 1634,
            "second": 1632,
            "amount": -2
        },
        {
            "first": 1634,
            "second": 1637,
            "amount": -3
        },
        {
            "first": 1634,
            "second": 1640,
            "amount": -2
        },
        {
            "first": 1634,
            "second": 1641,
            "amount": 1
        },
        {
            "first": 1634,
            "second": 1781,
            "amount": -2
        },
        {
            "first": 1635,
            "second": 1632,
            "amount": -2
        },
        {
            "first": 1635,
            "second": 1637,
            "amount": -3
        },
        {
            "first": 1635,
            "second": 1640,
            "amount": -2
        },
        {
            "first": 1635,
            "second": 1641,
            "amount": 1
        },
        {
            "first": 1635,
            "second": 1781,
            "amount": -2
        },
        {
            "first": 1636,
            "second": 1638,
            "amount": -2
        },
        {
            "first": 1636,
            "second": 1639,
            "amount": -1
        },
        {
            "first": 1637,
            "second": 1638,
            "amount": -3
        },
        {
            "first": 1637,
            "second": 1639,
            "amount": -1
        },
        {
            "first": 1639,
            "second": 1632,
            "amount": -1
        },
        {
            "first": 1639,
            "second": 1637,
            "amount": -1
        },
        {
            "first": 1639,
            "second": 1638,
            "amount": 1
        },
        {
            "first": 1639,
            "second": 1640,
            "amount": -2
        },
        {
            "first": 1639,
            "second": 1641,
            "amount": 1
        },
        {
            "first": 1639,
            "second": 1784,
            "amount": -2
        },
        {
            "first": 1640,
            "second": 1632,
            "amount": -1
        },
        {
            "first": 1640,
            "second": 1638,
            "amount": -3
        },
        {
            "first": 1640,
            "second": 1639,
            "amount": -2
        },
        {
            "first": 1640,
            "second": 1641,
            "amount": -1
        },
        {
            "first": 1640,
            "second": 1785,
            "amount": -1
        },
        {
            "first": 1778,
            "second": 1632,
            "amount": -2
        },
        {
            "first": 1778,
            "second": 1637,
            "amount": -3
        },
        {
            "first": 1778,
            "second": 1640,
            "amount": -2
        },
        {
            "first": 1778,
            "second": 1641,
            "amount": 1
        },
        {
            "first": 1778,
            "second": 1781,
            "amount": -2
        },
        {
            "first": 1779,
            "second": 1632,
            "amount": -2
        },
        {
            "first": 1779,
            "second": 1637,
            "amount": -3
        },
        {
            "first": 1779,
            "second": 1640,
            "amount": -2
        },
        {
            "first": 1779,
            "second": 1641,
            "amount": 1
        },
        {
            "first": 1779,
            "second": 1781,
            "amount": -2
        },
        {
            "first": 1780,
            "second": 1632,
            "amount": -2
        },
        {
            "first": 1780,
            "second": 1637,
            "amount": -3
        },
        {
            "first": 1780,
            "second": 1640,
            "amount": -2
        },
        {
            "first": 1780,
            "second": 1641,
            "amount": 1
        },
        {
            "first": 1780,
            "second": 1781,
            "amount": -2
        },
        {
            "first": 1781,
            "second": 1638,
            "amount": -3
        },
        {
            "first": 1783,
            "second": 1638,
            "amount": 1
        },
        {
            "first": 1783,
            "second": 1640,
            "amount": -2
        },
        {
            "first": 1783,
            "second": 1784,
            "amount": -2
        },
        {
            "first": 1784,
            "second": 1638,
            "amount": -3
        },
        {
            "first": 1784,
            "second": 1641,
            "amount": -1
        },
        {
            "first": 1784,
            "second": 1785,
            "amount": -1
        }
    ]
}