[
  {
    "lat": 10.6737,
    "lng": 23.47295,
    "label": "Apollo 11",
    "program": "Apollo",
    "agency": "NASA",
    "date": "1969-7-20",
    "url": "https://en.wikipedia.org/wiki/Apollo_11"
  },
  {
    "lat": 13.01184,
    "lng": 123.42156,
    "label": "Apollo 12",
    "program": "Apollo",
    "agency": "NASA",
    "date": "1969-11-19",
    "url": "https://en.wikipedia.org/wiki/Apollo_12"
  },
  {
    "lat": 13.64450,
    "lng": 117.47753,
    "label": "Apollo 14",
    "program": "Apollo",
    "agency": "NASA",
    "date": "1971-2-5",
    "url": "https://en.wikipedia.org/wiki/Apollo_14"
  },
  {
    "lat": 26.13407,
    "lng": 13.62981,
    "label": "Apollo 15",
    "program": "Apollo",
    "agency": "NASA",
    "date": "1971-7-30",
    "url": "https://en.wikipedia.org/wiki/Apollo_15"
  },
  {
    "lat": 8.97477,
    "lng": 15.49749,
    "label": "Apollo 16",
    "program": "Apollo",
    "agency": "NASA",
    "date": "1972-4-21",
    "url": "https://en.wikipedia.org/wiki/Apollo_16"
  },
  {
    "lat": 20.18935,
    "lng": 30.76996,
    "label": "Apollo 17",
    "program": "Apollo",
    "agency": "NASA",
    "date": "1972-12-11",
    "url": "https://en.wikipedia.org/wiki/Apollo_17"
  },
  {
    "lat": 29.1,
    "lng": 10,
    "label": "Luna 2",
    "program": "Luna",
    "agency": "Soviet Space Program",
    "date": "1959-9-13",
    "url": "https://en.wikipedia.org/wiki/Luna_2"
  },
  {
    "lat": 7.08,
    "lng": 64.37,
    "label": "Luna 9",
    "program": "Luna",
    "agency": "Soviet Space Program",
    "date": "1966-2-3",
    "url": "https://en.wikipedia.org/wiki/Luna_9"
  },
  {
    "lat": 18.87,
    "lng": 62.05,
    "label": "Luna 13",
    "program": "Luna",
    "agency": "Soviet Space Program",
    "date": "1966-12-24",
    "url": "https://en.wikipedia.org/wiki/Luna_13"
  },
  {
    "lat": 10.68,
    "lng": 56.3,
    "label": "Luna 16",
    "program": "Luna",
    "agency": "Soviet Space Program",
    "date": "1970-9-20",
    "url": "https://en.wikipedia.org/wiki/Luna_16"
  },
  {
    "lat": 38.28,
    "lng": 35,
    "label": "Luna 17",
    "program": "Luna",
    "agency": "Soviet Space Program",
    "date": "1970-11-17",
    "url": "https://en.wikipedia.org/wiki/Luna_17"
  },
  {
    "lat": 3.57,
    "lng": 56.5,
    "label": "Luna 20",
    "program": "Luna",
    "agency": "Soviet Space Program",
    "date": "1972-2-21",
    "url": "https://en.wikipedia.org/wiki/Luna_20"
  },
  {
    "lat": 25.51,
    "lng": 30.38,
    "label": "Luna 21",
    "program": "Luna",
    "agency": "Soviet Space Program",
    "date": "1973-1-15",
    "url": "https://en.wikipedia.org/wiki/Luna_21"
  },
  {
    "lat": 12.25,
    "lng": 62.2,
    "label": "Luna 24",
    "program": "Luna",
    "agency": "Soviet Space Program",
    "date": "1976-8-18",
    "url": "https://en.wikipedia.org/wiki/Luna_24"
  },
  {
    "lat": 84.72,
    "lng": 49.62,
    "label": "LCROSS Probe",
    "program": "Lunar Crater Observation and Sensing Satellite",
    "agency": "NASA",
    "date": "2009-10-9",
    "url": "https://en.wikipedia.org/wiki/LCROSS"
  },
  {
    "lat": 44.12,
    "lng": 19.51,
    "label": "Chang'e 3",
    "program": "Chinese Lunar Exploration",
    "agency": "CNSA",
    "date": "2013-12-14",
    "url": "https://en.wikipedia.org/wiki/Chang%27e_3"
  },
  {
    "lat": 45.4446,
    "lng": 177.5991,
    "label": "Chang'e 4",
    "program": "Chinese Lunar Exploration",
    "agency": "CNSA",
    "date": "2019-1-3",
    "url": "https://en.wikipedia.org/wiki/Chang%27e_4"
  }
]