[
    {
      "name": "GATTI",
      "lat": 61.6768758,
      "lon": 50.8203213,
      "billboard": {
        "src": "https://raw.githubusercontent.com/kodj11/maf_comp/refs/heads/main/mark.svg",
        "size": [18, 32],
        "offset": [0, 16]
      }
    },
    {
      "name": "Неприкасаемые",
      "lat": 61.674396,
      "lon": 50.833477, 
      "billboard": {
        "src": "https://raw.githubusercontent.com/kodj11/maf_comp/refs/heads/main/mark.svg",
        "size": [18, 32],
        "offset": [0, 16]
      }
    },
    {
      "name": "Точка 3",
      "lat": 46.346,
      "lon": 8.546,
      "billboard": {
        "src": "https://raw.githubusercontent.com/kodj11/maf_comp/refs/heads/main/mark.svg",
        "size": [18, 32],
        "offset": [0, 16]
      }
    }
  ]